ticker,name,sector
A,Agilent Technologies,Healthcare
AA,Alcoa Corp,Materials
AADLS,AADLS,General
AAHIF,AAHIF,General
AAIGF,AAIGF,Financials
AAL,American Airlines Group,Industrials
AAOI,AAOI,Technology
AAON,AAON,Industrials
AAPL,Apple Inc,Technology
AAVXF,AAVXF,Healthcare
ABAT,ABAT,Industrials
ABBRF,ABBRF,Materials
ABBV,AbbVie Inc,Healthcare
ABCB,ABCB,Financials
ABCCF,ABCCF,Financials
ABDDF,ABDDF,General
ABEO,ABEO,Healthcare
ABLGF,ABLGF,Technology
ABNB,Airbnb Inc,Consumer Discretionary
ABSI,ABSI,Healthcare
ABT,Abbott Laboratories,Healthcare
ACAD,Acadia Pharmaceuticals,Healthcare
ACAZF,ACAZF,Materials
ACCO,ACCO,Industrials
ACDVF,ACDVF,Industrials
ACEL,ACEL,General
ACHC,ACHC,Healthcare
ACHR,ACHR,Industrials
ACHWS,ACHWS,General
ACIU,ACIU,Healthcare
ACJJF,ACJJF,Financials
ACLLF,ACLLF,Utilities
ACM,ACM,Industrials
ACMR,ACMR,Technology
ACN,Accenture PLC,Technology
ACNB,ACNB,Financials
ACOPF,ACOPF,General
ACRFF,ACRFF,General
ACRXF,ACRXF,Materials
ACT,ACT,Financials
ACVA,ACVA,General
AD,AD,Communication Services
ADAC,ADAC,General
ADBE,Adobe Inc,Technology
ADBKF,ADBKF,Financials
ADEA,ADEA,Technology
ADI,Analog Devices,Technology
ADKCF,ADKCF,General
ADM,Archer-Daniels-Midland,Consumer Staples
ADP,ADP,Technology
ADSK,Autodesk Inc,Technology
ADSLF,ADSLF,Materials
ADUR,ADUR,Industrials
ADYYF,ADYYF,Technology
AEAQ,AEAQ,Financials
AEE,AEE,Utilities
AEHQS,AEHQS,General
AEHR,AEHR,Technology
AEIES,AEIES,General
AEIS,AEIS,Industrials
AEMFF,AEMFF,Technology
AEMMF,AEMMF,Utilities
AEO,AEO,General
AEOJF,AEOJF,Financials
AEOXF,AEOXF,Industrials
AEP,American Electric Power,Utilities
AES,AES Corp,Utilities
AEXA,AEXA,General
AFBOF,AFBOF,Materials
AFGZF,AFGZF,Industrials
AFL,Aflac Inc,Financials
AFRAF,AFRAF,Industrials
AFRI,AFRI,General
AFRM,AFRM,Financials
AGCC,AGCC,General
AGCO,AGCO,Industrials
AGESF,AGESF,Financials
AGFMF,AGFMF,Financials
AGGZF,AGGZF,Industrials
AGLFF,AGLFF,Healthcare
AGLNF,AGLNF,Utilities
AGLRF,AGLRF,General
AGM,AGM,Financials
AGO,AGO,Financials
AGPPF,AGPPF,Materials
AGRO,AGRO,General
AGRPF,AGRPF,Financials
AGRUF,AGRUF,Industrials
AGX,AGX,Industrials
AHASS,AHASS,General
AHATS,AHATS,General
AHBTS,AHBTS,General
AHBYS,AHBYS,General
AHCHF,AHCHF,Materials
AHCNS,AHCNS,General
AHCRS,AHCRS,General
AHCTS,AHCTS,General
AHCUS,AHCUS,General
AHDNS,AHDNS,General
AHDTS,AHDTS,General
AHDVS,AHDVS,General
AHDWS,AHDWS,General
AHELS,AHELS,General
AHFKS,AHFKS,General
AHFLS,AHFLS,General
AHFOS,AHFOS,General
AHGDS,AHGDS,General
AHHGS,AHHGS,General
AHHLF,AHHLF,Industrials
AHJCS,AHJCS,General
AHJPS,AHJPS,General
AHKLS,AHKLS,General
AHKNS,AHKNS,General
AHKRS,AHKRS,General
AHKSF,AHKSF,Industrials
AHKYS,AHKYS,General
AHLAS,AHLAS,General
AHLJS,AHLJS,General
AHLSS,AHLSS,General
AHLUS,AHLUS,General
AHLVS,AHLVS,General
AHMCS,AHMCS,General
AHMDS,AHMDS,General
AHMLS,AHMLS,General
AHMRS,AHMRS,General
AHMTS,AHMTS,General
AHNTS,AHNTS,General
AHOBS,AHOBS,General
AHOSS,AHOSS,General
AHPNS,AHPNS,General
AHRDS,AHRDS,General
AHRKS,AHRKS,General
AHRSS,AHRSS,General
AHSBS,AHSBS,General
AHSFS,AHSFS,General
AHSJS,AHSJS,General
AHSLS,AHSLS,General
AHSMS,AHSMS,General
AHSQS,AHSQS,General
AHSRS,AHSRS,General
AHSUS,AHSUS,General
AHSYS,AHSYS,General
AHVGS,AHVGS,General
AHVRS,AHVRS,General
AHWNS,AHWNS,General
AHWSF,AHWSF,General
AHWTS,AHWTS,General
AHWWS,AHWWS,General
AI,AI,Technology
AIB,AIB,General
AICHF,AICHF,Materials
AICXF,AICXF,Industrials
AIG,American International Group,Financials
AII,AII,Financials
AIKCF,AIKCF,Industrials
AIN,AIN,General
AIRO,AIRO,Industrials
AIT,Applied Industrial Technologies,Industrials
AIVAF,AIVAF,Financials
AIVBS,AIVBS,General
AJG,AJG,Financials
AJMPF,AJMPF,Financials
AKAAF,AKAAF,Industrials
AKBA,AKBA,Healthcare
AKBKF,AKBKF,General
AKESF,AKESF,Healthcare
AKKVF,AKKVF,Energy
AKPPS,AKPPS,General
AKRBF,AKRBF,Energy
AKTS,AKTS,Healthcare
AKZOF,AKZOF,Materials
AL,AL,Industrials
ALAB,Astera Labs,Technology
ALB,Albemarle Corp,Materials
ALCO,ALCO,General
ALEGF,ALEGF,General
ALEX,Alexander & Baldwin,Real Estate
ALGIF,ALGIF,General
ALGN,Align Technology,Healthcare
ALGT,ALGT,Industrials
ALH,ALH,General
ALK,Alaska Air Group,Industrials
ALKS,ALKS,Healthcare
ALKT,ALKT,Technology
ALL,Allstate Corp,Financials
ALLE,ALLE,Industrials
ALLO,ALLO,Healthcare
ALNPF,ALNPF,Industrials
ALNT,ALNT,Technology
ALNY,Alnylam Pharmaceuticals,Healthcare
ALPC,ALPC,General
ALPIB,ALPIB,Financials
ALRHF,ALRHF,Real Estate
ALSAF,ALSAF,Financials
ALSN,Allison Transmission,Industrials
ALTB,ALTB,General
ALTO,ALTO,Materials
ALVOF,ALVOF,Energy
ALXO,ALXO,Healthcare
ALZCF,ALZCF,Materials
AM,Antero Midstream,Energy
AMAL,AMAL,Financials
AMANF,AMANF,Technology
AMAT,Applied Materials,Technology
AMBA,AMBA,Technology
AMBFF,AMBFF,Healthcare
AMCR,AMCR,General
AMCX,AMCX,Communication Services
AMD,Advanced Micro Devices,Technology
AMDUF,AMDUF,Financials
AME,AMETEK Inc,Industrials
AMFPF,AMFPF,Healthcare
AMG,Affiliated Managers Group,Financials
AMGN,Amgen Inc,Healthcare
AMH,American Homes 4 Rent,Real Estate
AMKBF,AMKBF,Industrials
AMLRS,AMLRS,General
AMLX,AMLX,Healthcare
AMP,Ameriprise Financial,Financials
AMPX,AMPX,Industrials
AMRC,AMRC,Industrials
AMSYF,AMSYF,Materials
AMT,American Tower,Real Estate
AMTLS,AMTLS,General
AMTM,AMTM,Industrials
AMXEF,AMXEF,Materials
AMXOF,AMXOF,Communication Services
AMZN,Amazon.com Inc,Consumer Discretionary
AN,AutoNation Inc,Consumer Discretionary
ANDE,ANDE,General
ANET,ANET,Technology
ANGX,ANGX,Communication Services
ANIK,ANIK,Healthcare
ANIP,ANIP,Healthcare
ANPDF,ANPDF,General
ANSLF,ANSLF,Healthcare
ANSS,Ansys Inc,Technology
ANTVF,ANTVF,Industrials
ANVI,ANVI,Materials
AOAAS,AOAAS,General
AOMFF,AOMFF,Industrials
AOPRS,AOPRS,General
AOS,AOS,Industrials
APA,APA Corp,Energy
APAD,APAD,Financials
APD,Air Products & Chemicals,Materials
APG,APG,Industrials
APLD,APLD,Technology
APMSF,APMSF,Materials
APNHF,APNHF,Healthcare
APO,Apollo Global Management,Financials
APPS,APPS,Technology
APTV,Aptiv PLC,Consumer Discretionary
APXT,APXT,Financials
AQIMD,AQIMD,General
AQN,AQN,Utilities
AR,Antero Resources,Energy
ARCI,ARCI,General
ARDAS,ARDAS,General
ARDGS,ARDGS,General
ARDIS,ARDIS,General
ARDMS,ARDMS,General
ARDOS,ARDOS,General
ARE,Alexandria Real Estate Equities,Real Estate
ARES,Ares Management,Financials
ARGES,ARGES,General
ARGTF,ARGTF,Materials
ARHCF,ARHCF,Healthcare
ARHES,ARHES,General
ARHGS,ARHGS,General
ARHVF,ARHVF,Energy
ARKAF,ARKAF,Materials
ARKO,ARKO,General
ARKPS,ARKPS,General
ARLBS,ARLBS,General
ARLDS,ARLDS,General
ARLTS,ARLTS,General
ARLUF,ARLUF,General
ARM,Arm Holdings,Technology
ARMP,ARMP,Healthcare
ARNMF,ARNMF,Communication Services
AROC,AROC,Energy
ARPTF,ARPTF,Real Estate
ARQQ,ARQQ,Technology
ARQT,ARQT,Healthcare
ARREF,ARREF,Materials
ARRGS,ARRGS,General
ARRVS,ARRVS,General
ARRY,ARRY,Technology
ARSJS,ARSJS,General
ARSUF,ARSUF,Healthcare
ARSWF,ARSWF,General
ARTNB,ARTNB,Utilities
ARVFS,ARVFS,General
ARVHS,ARVHS,General
ARVPS,ARVPS,General
ARVUS,ARVUS,General
ARW,ARW,Technology
ARWR,Arrowhead Pharmaceuticals,Healthcare
ARZGF,ARZGF,Financials
ARZNS,ARZNS,General
ARZTF,ARZTF,General
AS,AS,General
ASAN,ASAN,Technology
ASBRF,ASBRF,General
ASCLF,ASCLF,Healthcare
ASEKF,ASEKF,General
ASFDS,ASFDS,General
ASGLF,ASGLF,Industrials
ASIC,ASIC,Financials
ASIX,ASIX,Materials
ASLCS,ASLCS,General
ASLLS,ASLLS,General
ASMB,ASMB,Healthcare
ASMLF,ASMLF,Technology
ASMOF,ASMOF,General
ASMVF,ASMVF,Technology
ASOMF,ASOMF,General
ASOZF,ASOZF,Technology
ASPHF,ASPHF,Healthcare
ASPN,ASPN,Industrials
ASRMF,ASRMF,Industrials
ASTE,ASTE,Industrials
ASUR,ASUR,Technology
ASWIS,ASWIS,General
ASXFF,ASXFF,Financials
ATAZF,ATAZF,Technology
ATBSF,ATBSF,General
ATDRF,ATDRF,Communication Services
ATEC,ATEC,Healthcare
ATEN,ATEN,Technology
ATHGF,ATHGF,Technology
ATHOF,ATHOF,Energy
ATI,ATI,Industrials
ATII,ATII,Financials
ATLC,ATLC,Financials
ATNI,ATNI,Communication Services
ATO,ATO,Utilities
ATOGF,ATOGF,General
ATROB,ATROB,Industrials
ATS,ATS,Industrials
ATTES,ATTES,General
ATUUF,ATUUF,Energy
ATXRF,ATXRF,Materials
AU,AU,Materials
AUCTF,AUCTF,General
AUDC,AUDC,Technology
AUDGF,AUDGF,Technology
AUGO,AUGO,Materials
AUHEF,AUHEF,Industrials
AUHYF,AUHYF,Financials
AUNA,AUNA,Healthcare
AUSDF,AUSDF,Materials
AUTSF,AUTSF,General
AVAH,AVAH,Healthcare
AVAV,AeroVironment,Technology
AVB,AvalonBay Communities,Real Estate
AVBP,AVBP,Healthcare
AVBTS,AVBTS,General
AVDJS,AVDJS,General
AVDMS,AVDMS,General
AVDPS,AVDPS,General
AVGO,Broadcom Inc,Technology
AVHES,AVHES,General
AVHJS,AVHJS,General
AVHSS,AVHSS,General
AVHWS,AVHWS,General
AVHZS,AVHZS,General
AVIHS,AVIHS,General
AVIR,AVIR,Healthcare
AVLLS,AVLLS,General
AVLOS,AVLOS,General
AVLWS,AVLWS,General
AVLYS,AVLYS,General
AVLZS,AVLZS,General
AVMPF,AVMPF,Technology
AVNT,AVNT,Materials
AVPT,AVPT,Technology
AVTR,AVTR,Healthcare
AVTX,AVTX,Healthcare
AVVOF,AVVOF,Industrials
AVVZF,AVVZF,Financials
AVY,Avery Dennison Corp,Materials
AVZTS,AVZTS,General
AWEVF,AWEVF,Technology
AWFDF,AWFDF,General
AWHES,AWHES,General
AWI,AWI,Industrials
AWK,American Water Works,Utilities
AWLWS,AWLWS,General
AWTRF,AWTRF,Materials
AX,AX,Financials
AXAHF,AXAHF,Financials
AXE,Anixter International,Industrials
AXFOF,AXFOF,General
AXGN,AXGN,Healthcare
AXHDS,AXHDS,General
AXLSS,AXLSS,General
AXMTS,AXMTS,General
AXON,Axon Enterprise,Industrials
AXP,American Express,Financials
AXSM,AXSM,Healthcare
AXTA,Axalta Coating Systems,Materials
AYASF,AYASF,Materials
AZLCZ,AZLCZ,Real Estate
AZLGF,AZLGF,Materials
AZO,AutoZone Inc,Consumer Discretionary
AZPN,Aspen Technology,Technology
AZRGF,AZRGF,Real Estate
B,B,Materials
BA,Boeing Co,Industrials
BABAF,BABAF,General
BABWF,BABWF,Industrials
BAC,Bank of America,Financials
BAESF,BAESF,Industrials
BAFBF,BAFBF,Industrials
BAH,Booz Allen Hamilton,Technology
BAIDF,BAIDF,Communication Services
BALL,Ball Corp,Materials
BAMXF,BAMXF,General
BATMF,BATMF,General
BATRA,BATRA,Communication Services
BATRK,BATRK,Communication Services
BAX,BAX,Healthcare
BAYZF,BAYZF,Healthcare
BB,BB,Technology
BBAI,BBAI,Technology
BBAJF,BBAJF,Financials
BBCP,BBCP,Industrials
BBDC,BBDC,Financials
BBIO,BBIO,Healthcare
BBT,BBT,Financials
BBUC,BBUC,Financials
BBWI,BBWI,General
BBY,Best Buy Co,Consumer Discretionary
BCAL,BCAL,Financials
BCAX,BCAX,Healthcare
BCDRF,BCDRF,Financials
BCHHF,BCHHF,Industrials
BCLYF,BCLYF,Financials
BCO,BCO,Industrials
BCOMF,BCOMF,Communication Services
BCON,BCON,General
BCRX,BCRX,Healthcare
BCSF,BCSF,Financials
BDCI,BDCI,Financials
BDGIF,BDGIF,Industrials
BDGSF,BDGSF,Financials
BDIMF,BDIMF,Industrials
BDMXF,BDMXF,Industrials
BDRAF,BDRAF,Industrials
BDRBF,BDRBF,Industrials
BDRFF,BDRFF,General
BDVSF,BDVSF,Industrials
BEAG,BEAG,Financials
BEAM,BEAM,Healthcare
BEJEF,BEJEF,General
BEKSF,BEKSF,Industrials
BELFA,BELFA,Technology
BEN,Franklin Resources,Financials
BENZF,BENZF,Materials
BEPC,BEPC,Utilities
BETA,BETA,Industrials
BETR,BETR,Financials
BFA,Brown-Forman Corp,Consumer Staples
BFAAF,BFAAF,General
BFLY,BFLY,Healthcare
BFSAF,BFSAF,Industrials
BG,Bunge Global,Consumer Staples
BGAOF,BGAOF,Communication Services
BGLAF,BGLAF,Healthcare
BGLEF,BGLEF,General
BGSI,BGSI,General
BGTCF,BGTCF,General
BHAGF,BHAGF,General
BHB,BHB,Financials
BHRB,BHRB,Financials
BHVN,BHVN,Healthcare
BICEF,BICEF,General
BIGLF,BIGLF,General
BIIB,Biogen Inc,Healthcare
BIO,Bio-Rad Laboratories,Healthcare
BIPC,BIPC,Utilities
BIRK,BIRK,General
BITF,BITF,Financials
BJ,BJ,General
BKCYF,BKCYF,Financials
BKD,BKD,Healthcare
BKFKF,BKFKF,General
BKHPF,BKHPF,Financials
BKNG,Booking Holdings,Consumer Discretionary
BKPKF,BKPKF,Financials
BKR,Baker Hughes,Energy
BKTI,BKTI,Technology
BKZHF,BKZHF,Financials
BLBD,BLBD,Industrials
BLBLF,BLBLF,Communication Services
BLD,BLD,Industrials
BLDR,BLDR,Industrials
BLHWF,BLHWF,Industrials
BLK,BlackRock Inc,Financials
BLKB,BLKB,Technology
BLLN,BLLN,Healthcare
BLMN,BLMN,General
BLND,BLND,Technology
BLNH,BLNH,General
BLRDF,BLRDF,Materials
BLSH,BLSH,Technology
BLUGF,BLUGF,General
BLUW,BLUW,Financials
BLWYF,BLWYF,General
BLX,BLX,Financials
BMBL,BMBL,Communication Services
BMBLF,BMBLF,Industrials
BMDPF,BMDPF,Financials
BMI,BMI,Technology
BMO,BMO,Financials
BMRC,BMRC,Financials
BMTCF,BMTCF,General
BMXMF,BMXMF,Healthcare
BMY,Bristol-Myers Squibb,Healthcare
BN,BN,Financials
BNAI,BNAI,Technology
BNHUF,BNHUF,General
BNNLF,BNNLF,Energy
BNS,BNS,Financials
BNT,BNT,Financials
BNTC,BNTC,Healthcare
BOBS,BOBS,General
BOH,Bank of Hawaii,Financials
BOIVF,BOIVF,Communication Services
BOKF,BOK Financial,Financials
BOLB,BOLB,General
BOOT,BOOT,General
BORMF,BORMF,General
BORUF,BORUF,Communication Services
BOUYF,BOUYF,Industrials
BOW,BOW,Financials
BPOP,BPOP,Financials
BPRN,BPRN,Financials
BRAI,BRAI,Technology
BRBR,BRBR,General
BRCTF,BRCTF,Healthcare
BRDNF,BRDNF,Materials
BRETF,BRETF,General
BRK-B,Berkshire Hathaway,Financials
BRR,BRR,Financials
BRRDF,BRRDF,Materials
BRRGF,BRRGF,Healthcare
BRSYF,BRSYF,Healthcare
BRVDF,BRVDF,Industrials
BRZE,BRZE,Technology
BSRR,BSRR,Financials
BSVN,BSVN,Financials
BSX,Boston Scientific,Healthcare
BSY,BSY,Technology
BTBT,BTBT,Financials
BTCFF,BTCFF,General
BTEAF,BTEAF,General
BTG,BTG,Materials
BTRCF,BTRCF,Technology
BTSBF,BTSBF,General
BTSDF,BTSDF,General
BTSEF,BTSEF,Industrials
BTSG,BTSG,Healthcare
BTZRF,BTZRF,General
BURL,BURL,General
BUSE,BUSE,Financials
BUUU,BUUU,Industrials
BVHMF,BVHMF,General
BVILF,BVILF,General
BVRDF,BVRDF,Industrials
BWA,BWA,General
BWAGF,BWAGF,Financials
BWEL,BWEL,Materials
BWFG,BWFG,Financials
BWIN,BWIN,Financials
BWMN,BWMN,Industrials
BX,Blackstone Inc,Financials
BXP,BXP Inc,Real Estate
BYD,BYD,General
BYRN,BYRN,Industrials
BZH,BZH,General
BZLYF,BZLYF,Financials
BZQIF,BZQIF,Communication Services
CABA,CABA,Healthcare
CABHF,CABHF,General
CABJF,CABJF,General
CABO,CABO,Communication Services
CABPF,CABPF,Financials
CAC,CAC,Financials
CADL,CADL,Healthcare
CAE,CAE,Industrials
CAG,Conagra Brands,Consumer Staples
CAH,Cardinal Health,Healthcare
CAHPF,CAHPF,Materials
CAIAF,CAIAF,Real Estate
CAJFF,CAJFF,Technology
CAL,CAL,General
CAMP,CAMP,Healthcare
CAMRF,CAMRF,Healthcare
CAMT,CAMT,Technology
CAOLF,CAOLF,Energy
CARL,CARL,Healthcare
CARR,Carrier Global,Industrials
CASH,CASH,Financials
CASS,CASS,Industrials
CAT,Caterpillar Inc,Industrials
CATX,CATX,Healthcare
CAVA,CAVA,General
CB,Chubb Ltd,Financials
CBAN,CBAN,Financials
CBAUF,CBAUF,Financials
CBK,CBK,Financials
CBLNF,CBLNF,Industrials
CBNA,CBNA,Financials
CBNK,CBNK,Financials
CBOE,Cboe Global Markets,Financials
CBRE,CBRE,Real Estate
CBSH,CBSH,Financials
CC,Chemours Co,Materials
CCARF,CCARF,Materials
CCB,CCB,Financials
CCC,CCC,Technology
CCCC,CCCC,Healthcare
CCDSF,CCDSF,General
CCEC,CCEC,Industrials
CCEP,CCEP,General
CCFN,CCFN,Financials
CCGFF,CCGFF,Financials
CCI,Crown Castle Inc,Real Estate
CCII,CCII,Financials
CCJ,CCJ,Energy
CCL,Carnival Corp,Consumer Discretionary
CCLLF,CCLLF,General
CCNE,CCNE,Financials
CCOEF,CCOEF,Communication Services
CCOJF,CCOJF,General
CCRN,CCRN,Healthcare
CCXI,CCXI,General
CD,CD,Financials
CDNA,CDNA,Healthcare
CDNAF,CDNAF,General
CDNIF,CDNIF,Industrials
CDNL,CDNL,Industrials
CDNS,Cadence Design Systems,Technology
CDNTF,CDNTF,General
CDRE,CDRE,Industrials
CDRO,CDRO,General
CDUAF,CDUAF,Utilities
CDW,CDW Corp,Technology
CDZI,CDZI,Utilities
CE,Celanese Corp,Materials
CECO,CECO,Industrials
CEG,CEG,Utilities
CELC,CELC,Healthcare
CENTA,CENTA,General
CENX,CENX,Materials
CEPF,CEPF,Financials
CEPV,CEPV,Financials
CERT,CERT,Healthcare
CF,CF Industries Holdings,Materials
CFFN,CFFN,Financials
CFG,Citizens Financial Group,Financials
CFNB,CFNB,Financials
CFNCF,CFNCF,Financials
CFOR,CFOR,Financials
CFPZF,CFPZF,Materials
CFR,CFR,Financials
CFRHF,CFRHF,General
CFSKF,CFSKF,General
CFWFF,CFWFF,Energy
CG,CG,Financials
CGGGF,CGGGF,General
CGHOF,CGHOF,Utilities
CGMLF,CGMLF,Materials
CGNT,CGNT,Technology
CGNX,Cognex Corp,Technology
CGPVF,CGPVF,Energy
CGPZF,CGPZF,General
CGSBF,CGSBF,Healthcare
CGXYF,CGXYF,Financials
CHAC,CHAC,Financials
CHBKF,CHBKF,Financials
CHCLF,CHCLF,General
CHCO,CHCO,Financials
CHD,Church & Dwight,Consumer Staples
CHE,CHE,Healthcare
CHEF,CHEF,General
CHEOF,CHEOF,Healthcare
CHH,CHH,General
CHJTF,CHJTF,Healthcare
CHMG,CHMG,Financials
CHOLF,CHOLF,Energy
CHPGF,CHPGF,Materials
CHRCF,CHRCF,Technology
CHRD,Chord Energy,Energy
CHRHF,CHRHF,Industrials
CHRS,CHRS,Healthcare
CHRW,CH Robinson Worldwide,Industrials
CHSYF,CHSYF,Healthcare
CHTR,Charter Communications,Communication Services
CHWY,CHWY,General
CI,Cigna Group,Healthcare
CIA,CIA,Financials
CIGI,CIGI,Real Estate
CILJF,CILJF,Financials
CINF,Cincinnati Financial,Financials
CINT,CINT,Technology
CITR,CITR,General
CIVI,Civitas Resources,Energy
CIX,CIX,Industrials
CKHUF,CKHUF,Industrials
CKISF,CKISF,Utilities
CKSNF,CKSNF,Materials
CL,Colgate-Palmolive,Consumer Staples
CLBT,CLBT,Technology
CLEGF,CLEGF,General
CLFD,CLFD,Technology
CLIUF,CLIUF,Financials
CLKFF,CLKFF,General
CLMB,CLMB,Technology
CLNXF,CLNXF,Real Estate
CLPHF,CLPHF,Utilities
CLPIF,CLPIF,General
CLPT,CLPT,Healthcare
CLRPF,CLRPF,Healthcare
CLSK,CLSK,Financials
CLTFF,CLTFF,Communication Services
CLVFA,CLVFA,General
CLVSF,CLVSF,Healthcare
CLVT,CLVT,Technology
CLW,CLW,Materials
CLX,Clorox Co,Consumer Staples
CLXLF,CLXLF,Materials
CLYM,CLYM,Healthcare
CLZNF,CLZNF,Materials
CMBUF,CMBUF,Real Estate
CMC,CMC,Industrials
CMCL,CMCL,Materials
CMCSA,Comcast Corp,Communication Services
CMDXF,CMDXF,Technology
CME,CME Group,Financials
CMG,Chipotle Mexican Grill,Consumer Discretionary
CMGMF,CMGMF,Industrials
CMPX,CMPX,Healthcare
CMRE,CMRE,Industrials
CMS,CMS Energy,Utilities
CMSG,CMSG,General
CMSQF,CMSQF,Financials
CMTHF,CMTHF,Materials
CMTUF,CMTUF,General
CMXHF,CMXHF,Healthcare
CMZOF,CMZOF,Materials
CNA,CNA,Financials
CNC,Centene Corp,Healthcare
CNCK,CNCK,Financials
CNDHF,CNDHF,Financials
CNH,CNH,Industrials
CNL,CNL,Materials
CNM,CNM,Industrials
CNOB,CNOB,Financials
CNP,CenterPoint Energy,Utilities
CNQ,CNQ,Energy
CNR,CNR,Energy
CNS,CNS,Financials
CNSRF,CNSRF,Financials
CNSWF,CNSWF,Technology
CNTPF,CNTPF,General
CNVVF,CNVVF,Healthcare
CNX,CNX,Energy
CNXC,CNXC,Technology
COCO,COCO,General
COCXF,COCXF,General
CODGF,CODGF,Industrials
COENF,COENF,Utilities
COF,Capital One Financial,Financials
COFS,COFS,Financials
COGT,COGT,Healthcare
COHR,COHR,Technology
COHTF,COHTF,Industrials
COIHF,COIHF,Materials
COLD,Americold Realty Trust,Real Estate
COLZF,COLZF,General
COMP,COMP,Real Estate
CON,CON,Healthcare
COO,Cooper Companies,Healthcare
COP,ConocoPhillips,Energy
COPJF,COPJF,Energy
COPL,COPL,Financials
CORT,CORT,Healthcare
CORZ,CORZ,Technology
COST,Costco Wholesale,Consumer Staples
COSXF,COSXF,Industrials
COTGF,COTGF,Technology
COTY,Coty Inc,Consumer Staples
COYJF,COYJF,General
CP,CP,Industrials
CPB,Campbell Soup Co,Consumer Staples
CPCAF,CPCAF,Industrials
CPHRF,CPHRF,Healthcare
CPK,CPK,Utilities
CPNG,CPNG,General
CPRI,Capri Holdings,Consumer Discretionary
CPRT,Copart Inc,Industrials
CPS,CPS,General
CPT,Camden Property Trust,Real Estate
CPXGF,CPXGF,Communication Services
CPYYF,CPYYF,Utilities
CRAC,CRAC,General
CRAN,CRAN,Financials
CRAQ,CRAQ,General
CRBBF,CRBBF,General
CRCL,CRCL,Financials
CRH,CRH,Materials
CRHHF,CRHHF,General
CRHKF,CRHKF,General
CRI,Carter's Inc,Consumer Discretionary
CRL,Charles River Laboratories,Healthcare
CRM,Salesforce Inc,Technology
CRML,CRML,Materials
CRNT,CRNT,Technology
CRNZF,CRNZF,Energy
CRRNF,CRRNF,General
CRRSF,CRRSF,General
CRSR,CRSR,Technology
CRUS,CRUS,Technology
CRVL,CRVL,Financials
CRVS,CRVS,Healthcare
CRWD,CrowdStrike Holdings,Technology
CRWKF,CRWKF,General
CSASF,CSASF,Financials
CSCCF,CSCCF,Materials
CSCO,Cisco Systems,Technology
CSDXF,CSDXF,Energy
CSGP,CSGP,Real Estate
CSHX,CSHX,Financials
CSIQ,CSIQ,Technology
CSNRF,CSNRF,Financials
CSNVF,CSNVF,Materials
CSRFF,CSRFF,General
CSTM,CSTM,Materials
CSV,CSV,General
CSWC,CSWC,Financials
CSWYF,CSWYF,Healthcare
CSX,CSX Corp,Industrials
CSYJF,CSYJF,Technology
CTAGF,CTAGF,Industrials
CTAS,Cintas Corp,Industrials
CTATF,CTATF,General
CTFMS,CTFMS,General
CTFTS,CTFTS,General
CTGO,CTGO,Materials
CTKB,CTKB,Healthcare
CTNM,CTNM,Healthcare
CTPCF,CTPCF,Industrials
CTPVF,CTPVF,Real Estate
CTRA,Coterra Energy,Energy
CTRI,CTRI,Utilities
CTSH,Cognizant Technology Solutions,Technology
CTTAF,CTTAF,General
CTTOF,CTTOF,Industrials
CUAEF,CUAEF,Energy
CUBE,CubeSmart,Real Estate
CUBI,CUBI,Financials
CUGKF,CUGKF,Materials
CUPUF,CUPUF,Utilities
CURHF,CURHF,General
CURZ,CURZ,General
CUYTF,CUYTF,General
CVEO,CVEO,General
CVGW,CVGW,General
CVI,CVI,Energy
CVLT,CVLT,Technology
CVS,CVS Health,Healthcare
CVSGF,CVSGF,Healthcare
CVTGF,CVTGF,Financials
CVX,Chevron Corp,Energy
CW,CW,Industrials
CWAN,CWAN,Technology
CWBC,CWBC,Financials
CWEN,CWEN,Utilities
CWH,CWH,General
CWID,CWID,Financials
CWT,CWT,Utilities
CXM,CXM,Technology
CXW,CXW,Industrials
CYD,CYD,General
CYFWF,CYFWF,Communication Services
CYJBF,CYJBF,Industrials
CYNDF,CYNDF,General
CZAVF,CZAVF,Utilities
CZFS,CZFS,Financials
CZNC,CZNC,Financials
CZR,Caesars Entertainment,Consumer Discretionary
D,Dominion Energy,Utilities
DAHSF,DAHSF,Financials
DAITF,DAITF,Healthcare
DAIUF,DAIUF,Industrials
DAKT,DAKT,Technology
DAL,Delta Air Lines,Industrials
DAN,DAN,General
DAR,DAR,General
DAVE,DAVE,Technology
DAWN,DAWN,Healthcare
DBCA,DBCA,General
DBIN,DBIN,Financials
DBLVF,DBLVF,Materials
DBMG,DBMG,Industrials
DBSDF,DBSDF,Financials
DBVTF,DBVTF,Healthcare
DC,DC,Materials
DCBO,DCBO,Technology
DCCPF,DCCPF,Energy
DCHCF,DCHCF,Materials
DCI,Donaldson Co,Industrials
DCO,DCO,Industrials
DCOM,DCOM,Financials
DCTH,DCTH,Healthcare
DDEJF,DDEJF,Materials
DDOG,Datadog Inc,Technology
DE,Deere & Company,Industrials
DEC,DEC,Energy
DECK,Deckers Outdoor,Consumer Discretionary
DELL,DELL,Technology
DENKF,DENKF,Materials
DEO,Diageo PLC,Consumer Staples
DFILF,DFILF,General
DFPH,DFPH,General
DFRYF,DFRYF,General
DFYFF,DFYFF,Financials
DHI,D.R. Horton Inc,Consumer Discretionary
DHR,Danaher Corp,Healthcare
DHT,DHT,Energy
DICCF,DICCF,Materials
DINO,HF Sinclair Corp,Energy
DINRF,DINRF,Technology
DIS,Walt Disney Co,Communication Services
DISPF,DISPF,Technology
DJT,DJT,Communication Services
DK,DK,Energy
DKCLF,DKCLF,Industrials
DKNG,DraftKings Inc,Consumer Discretionary
DKS,Dicks Sporting Goods,Consumer Discretionary
DKSSF,DKSSF,General
DLGCF,DLGCF,Technology
DLMI,DLMI,Financials
DLR,Digital Realty Trust,Real Estate
DLVHF,DLVHF,General
DMAC,DMAC,Healthcare
DMCOF,DMCOF,Industrials
DMPZF,DMPZF,General
DNEMF,DNEMF,General
DNERF,DNERF,Industrials
DNGYF,DNGYF,Materials
DNLI,DNLI,Healthcare
DNMX,DNMX,Financials
DNOW,NOW Inc,Industrials
DNPCF,DNPCF,Industrials
DNSKF,DNSKF,Financials
DNTH,DNTH,Healthcare
DNZOF,DNZOF,General
DOCN,DOCN,Technology
DOCS,Doximity Inc,Healthcare
DOCU,DOCU,Technology
DOGEF,DOGEF,General
DOLE,DOLE,General
DOMVF,DOMVF,General
DOO,DOO,General
DOVXF,DOVXF,Financials
DOW,Dow Inc,Materials
DPBSF,DPBSF,Industrials
DPRTF,DPRTF,Communication Services
DPZ,Domino's Pizza,Consumer Discretionary
DPZUF,DPZUF,General
DRDB,DRDB,Financials
DRI,Darden Restaurants,Consumer Discretionary
DRMMF,DRMMF,General
DRRKF,DRRKF,Industrials
DRS,DRS,Industrials
DRUG,DRUG,Healthcare
DRUNF,DRUNF,Real Estate
DRVN,DRVN,General
DRXGF,DRXGF,Utilities
DSECF,DSECF,Financials
DSGN,DSGN,Healthcare
DSITF,DSITF,General
DSP,DSP,Technology
DSX,DSX,Industrials
DT,DT,Technology
DTE,DTE Energy,Utilities
DTEGF,DTEGF,Communication Services
DTTLF,DTTLF,Technology
DTWHF,DTWHF,General
DUERF,DUERF,Industrials
DUK,Duke Energy,Utilities
DUOL,DUOL,Technology
DV,DV,Communication Services
DVN,Devon Energy,Energy
DVS,DVS,Materials
DWBOF,DWBOF,General
DWMNF,DWMNF,Materials
DXC,DXC,Technology
DXCM,DexCom Inc,Healthcare
DYLLF,DYLLF,Energy
DYN,DYN,Healthcare
DYNDF,DYNDF,Technology
DYOR,DYOR,Financials
EAT,Brinker International,Consumer Discretionary
EBAY,eBay Inc,Consumer Discretionary
EBC,EBC,Financials
EBCOF,EBCOF,Industrials
EBF,EBF,Industrials
EBRPF,EBRPF,General
EBS,EBS,Healthcare
ECL,Ecolab Inc,Materials
ECNCF,ECNCF,Financials
ECPG,ECPG,Financials
ECRAF,ECRAF,Materials
ECTXF,ECTXF,Industrials
ED,Consolidated Edison,Utilities
EDDRF,EDDRF,General
EDTXF,EDTXF,Healthcare
EDVGF,EDVGF,General
EERGF,EERGF,Energy
EFGSF,EFGSF,Industrials
EFX,Equifax Inc,Financials
EFXT,EFXT,Energy
EGBN,EGBN,Financials
EGHSF,EGHSF,Technology
EGO,EGO,Materials
EGY,EGY,Energy
EHMEF,EHMEF,Financials
EIPAF,EIPAF,Energy
EIX,EIX,Utilities
EJPRF,EJPRF,Industrials
EJTTF,EJTTF,Industrials
EKIVF,EKIVF,Industrials
EL,Estee Lauder,Consumer Staples
ELA,ELA,General
ELALF,ELALF,Industrials
ELAN,ELAN,Healthcare
ELCMF,ELCMF,Technology
ELCPF,ELCPF,Utilities
ELDN,ELDN,Healthcare
ELF,ELF,General
ELFIF,ELFIF,Financials
ELKEF,ELKEF,Materials
ELLKF,ELLKF,General
ELLO,ELLO,Utilities
ELNRF,ELNRF,Industrials
ELPKF,ELPKF,General
ELS,Equity LifeStyle Properties,Real Estate
ELV,Elevance Health,Healthcare
ELWSF,ELWSF,Industrials
ELXXF,ELXXF,Industrials
EMLAF,EMLAF,General
EMLNS,EMLNS,General
EMLZF,EMLZF,General
EMN,Eastman Chemical,Materials
EMNSF,EMNSF,Materials
EMR,Emerson Electric,Industrials
ENAKF,ENAKF,Utilities
ENFD,ENFD,General
ENGN,ENGN,Healthcare
ENGQF,ENGQF,Utilities
ENPH,Enphase Energy,Technology
ENS,ENS,Industrials
ENSG,ENSG,Healthcare
ENTA,ENTA,Healthcare
ENVA,ENVA,Financials
EOG,EOG Resources,Energy
EPAM,EPAM Systems,Technology
EPC,EPC,General
EPIAF,EPIAF,Industrials
EPIPF,EPIPF,Industrials
EPRX,EPRX,Healthcare
EPWDF,EPWDF,Utilities
EQBK,EQBK,Financials
EQIX,Equinix Inc,Real Estate
EQPT,EQPT,Industrials
EQR,Equity Residential,Real Estate
EQT,EQT Corp,Energy
ERFSF,ERFSF,Healthcare
ERIE,ERIE,Financials
ERII,ERII,Industrials
ERIXF,ERIXF,Technology
ERLFF,ERLFF,Materials
ERMAF,ERMAF,Materials
ESAB,ESAB Corp,Industrials
ESCA,ESCA,General
ESEA,ESEA,Industrials
ESI,ESI,Materials
ESNT,ESNT,Financials
ESOA,ESOA,Industrials
ETHM,ETHM,Financials
ETN,Eaton Corp,Industrials
ETON,ETON,Healthcare
ETOR,ETOR,Financials
ETR,Entergy Corp,Utilities
ETRZF,ETRZF,General
ETSY,Etsy Inc,Consumer Discretionary
EU,EU,Energy
EVAC,EVAC,Financials
EVH,EVH,Healthcare
EVI,EVI,Industrials
EVMN,EVMN,Healthcare
EVR,EVR,Financials
EVTL,EVTL,Industrials
EW,Edwards Lifesciences,Healthcare
EWBC,East West Bancorp,Financials
EWCZ,EWCZ,General
EXC,Exelon Corp,Utilities
EXCOF,EXCOF,General
EXE,EXE,Energy
EXEL,Exelixis Inc,Healthcare
EXLGF,EXLGF,General
EXLS,ExlService Holdings,Technology
EXMRF,EXMRF,Energy
EXOD,EXOD,Technology
EXOSF,EXOSF,General
EXP,Eagle Materials,Materials
EXPD,Expeditors International,Industrials
EXPE,Expedia Group,Consumer Discretionary
EXPGF,EXPGF,Industrials
EXR,Extra Space Storage,Real Estate
EXTR,EXTR,Technology
EXXAF,EXXAF,Energy
EYE,EYE,General
EZKGF,EZKGF,General
EZPW,EZPW,Financials
F,Ford Motor,Consumer Discretionary
FAF,FAF,Financials
FANDF,FANDF,Financials
FANG,Diamondback Energy,Energy
FAST,Fastenal Co,Industrials
FATLF,FATLF,General
FBDHF,FBDHF,Financials
FBIZ,FBIZ,Financials
FBNC,FBNC,Financials
FBOHF,FBOHF,Industrials
FCBC,FCBC,Financials
FCCN,FCCN,Technology
FCFS,FCFS,Financials
FCMGF,FCMGF,Financials
FCN,FCN,Industrials
FCNCA,FCNCA,Financials
FCSUF,FCSUF,Materials
FCVFF,FCVFF,General
FCX,Freeport-McMoRan,Materials
FDMDF,FDMDF,Healthcare
FDMT,FDMT,Healthcare
FDP,FDP,General
FDS,FDS,Financials
FDVWF,FDVWF,Industrials
FDX,FedEx Corp,Industrials
FE,FirstEnergy Corp,Utilities
FEIOF,FEIOF,Industrials
FELE,FELE,Industrials
FER,FER,Industrials
FERA,FERA,Financials
FERG,FERG,Industrials
FFIC,FFIC,Financials
FFIV,FFIV,Technology
FFPP,FFPP,Technology
FFXDF,FFXDF,Financials
FGII,FGII,Financials
FGROF,FGROF,Industrials
FGWLF,FGWLF,Industrials
FHB,FHB,Financials
FHHGF,FHHGF,General
FHI,FHI,Financials
FHN,First Horizon Corp,Financials
FHTX,FHTX,Healthcare
FI,Fiserv Inc,Financials
FIG,FIG,Technology
FIGS,FIGS,General
FINGF,FINGF,Industrials
FINMF,FINMF,Industrials
FIRRF,FIRRF,Industrials
FIS,FIS,Technology
FISI,FISI,Financials
FISV,FISV,Technology
FITB,Fifth Third Bancorp,Financials
FIX,FIX,Industrials
FIZZ,FIZZ,General
FJIOF,FJIOF,General
FJTNF,FJTNF,Communication Services
FKDSF,FKDSF,Healthcare
FKSHF,FKSHF,Industrials
FKURF,FKURF,Industrials
FLEX,FLEX,Technology
FLG,FLG,Financials
FLGT,FLGT,Healthcare
FLMNF,FLMNF,Healthcare
FLNG,FLNG,Energy
FLO,FLO,General
FLS,FLS,Industrials
FLTCF,FLTCF,Technology
FLUT,FLUT,General
FLXS,FLXS,General
FLYX,FLYX,Industrials
FMAO,FMAO,Financials
FMBH,FMBH,Financials
FMBL,FMBL,Financials
FMCB,FMCB,Financials
FMCC,FMCC,Financials
FMCXF,FMCXF,Materials
FMNB,FMNB,Financials
FMOCF,FMOCF,Industrials
FMOO,FMOO,Financials
FN,FN,Technology
FNEVF,FNEVF,General
FNLC,FNLC,Financials
FNLPF,FNLPF,Materials
FNOEF,FNOEF,Technology
FNOXF,FNOXF,Technology
FNRN,FNRN,Financials
FOLD,FOLD,Healthcare
FOR,FOR,Real Estate
FOUR,FOUR,Technology
FOX,Fox Corp Class B,Communication Services
FOXA,Fox Corp Class A,Communication Services
FPLPF,FPLPF,Financials
FPLSF,FPLSF,Materials
FRAF,FRAF,Financials
FRCEF,FRCEF,Materials
FRFBF,FRFBF,General
FRFTF,FRFTF,General
FRME,FRME,Financials
FRMI,FRMI,General
FRO,FRO,Energy
FRPH,FRPH,Real Estate
FRRFF,FRRFF,Communication Services
FRTAF,FRTAF,Communication Services
FSBW,FSBW,Financials
FSDK,FSDK,Financials
FSK,FSK,Financials
FSLR,First Solar,Technology
FSLY,FSLY,Technology
FSM,FSM,Materials
FTDR,FTDR,General
FTGFF,FTGFF,Industrials
FTNT,Fortinet Inc,Technology
FTRE,FTRE,Healthcare
FTROF,FTROF,General
FTTRF,FTTRF,Materials
FTUAF,FTUAF,General
FTV,Fortive Corp,Industrials
FUBAF,FUBAF,Technology
FUGRF,FUGRF,Energy
FUJHF,FUJHF,General
FUJXF,FUJXF,Technology
FURCF,FURCF,General
FXNC,FXNC,Financials
FXSRF,FXSRF,Technology
GAERF,GAERF,Industrials
GASXF,GASXF,Energy
GATX,GATX Corp,Industrials
GAU,GAU,Materials
GBDMF,GBDMF,Technology
GBERF,GBERF,Industrials
GBTKF,GBTKF,General
GBX,GBX,Industrials
GCBC,GCBC,Financials
GCSSF,GCSSF,General
GD,General Dynamics,Industrials
GDDY,GoDaddy Inc,Technology
GDQMF,GDQMF,Materials
GDRX,GDRX,Healthcare
GDRZF,GDRZF,Materials
GDYN,GDYN,Technology
GE,GE Aerospace,Industrials
GEAGF,GEAGF,Industrials
GEHC,GE HealthCare Technologies,Healthcare
GEHDF,GEHDF,General
GEMI,GEMI,Financials
GEN,Gen Digital,Technology
GENB,GENB,General
GENC,GENC,Industrials
GENI,GENI,Communication Services
GENSF,GENSF,Healthcare
GEO,GEO,Industrials
GEV,GE Vernova,Industrials
GFIOF,GFIOF,Materials
GFR,GFR,Energy
GFS,GFS,Technology
GGG,Graco Inc,Industrials
GGNDF,GGNDF,Healthcare
GHM,GHM,Industrials
GHRS,GHRS,Healthcare
GIB,GIB,Technology
GIII,GIII,General
GILD,Gilead Sciences,Healthcare
GIS,General Mills,Consumer Staples
GIW,GIW,General
GIX,GIX,General
GKOS,GKOS,Healthcare
GL,Globe Life Inc,Financials
GLAD,GLAD,Financials
GLOB,Globant SA,Technology
GLOO,GLOO,Technology
GLPEF,GLPEF,Energy
GLPI,Gaming and Leisure Properties,Real Estate
GLSI,GLSI,Healthcare
GLTK,GLTK,Communication Services
GLW,GLW,Technology
GLYYF,GLYYF,General
GM,General Motors,Consumer Discretionary
GMBXF,GMBXF,Materials
GMTLF,GMTLF,Materials
GMWKF,GMWKF,General
GMYTF,GMYTF,Technology
GNCGF,GNCGF,General
GNENF,GNENF,Materials
GNFTF,GNFTF,Healthcare
GNGBF,GNGBF,Healthcare
GNMLF,GNMLF,Healthcare
GNRC,Generac Holdings,Industrials
GNTLF,GNTLF,Healthcare
GOOG,Alphabet Inc Class C,Technology
GOOGL,Alphabet Inc Class A,Technology
GPAC,GPAC,Financials
GPAEF,GPAEF,Industrials
GPAT,GPAT,Financials
GPC,Genuine Parts Co,Consumer Discretionary
GPK,GPK,General
GPN,Global Payments Inc,Financials
GPOVF,GPOVF,Industrials
GPRE,GPRE,Materials
GPS,Gap Inc,Consumer Discretionary
GRAL,GRAL,Healthcare
GRDN,GRDN,Healthcare
GRGCF,GRGCF,Financials
GRGSF,GRGSF,General
GRIQ,GRIQ,Technology
GRKZF,GRKZF,General
GRNNF,GRNNF,Real Estate
GRRMF,GRRMF,Healthcare
GS,Goldman Sachs,Financials
GSAT,GSAT,Communication Services
GSBD,GSBD,Financials
GSHRF,GSHRF,Materials
GSISF,GSISF,Materials
GSL,GSL,Industrials
GSRF,GSRF,Financials
GT,GT,General
GTBIF,GTBIF,Healthcare
GTERA,GTERA,Financials
GTES,GTES,Industrials
GTLS,GTLS,Industrials
GTMEF,GTMEF,Communication Services
GUBRF,GUBRF,General
GUKYF,GUKYF,Energy
GULRF,GULRF,Industrials
GUNGF,GUNGF,Communication Services
GUOSF,GUOSF,Financials
GUYGF,GUYGF,Materials
GUZOF,GUZOF,General
GVDBF,GVDBF,Materials
GWIN,GWIN,Healthcare
GWRE,Guidewire Software,Technology
GXO,GXO Logistics,Industrials
GXYEF,GXYEF,General
GZPHF,GZPHF,Healthcare
HAE,HAE,Healthcare
HAFC,HAFC,Financials
HAL,Halliburton Co,Energy
HALO,HALO,Healthcare
HANOF,HANOF,Technology
HAPYF,HAPYF,General
HAS,Hasbro Inc,Consumer Discretionary
HASGF,HASGF,Materials
HASI,HASI,Financials
HBAN,Huntington Bancshares,Financials
HBGRF,HBGRF,Industrials
HBIA,HBIA,Financials
HBMHF,HBMHF,Healthcare
HCA,HCA Healthcare,Healthcare
HCAC,HCAC,General
HCKT,HCKT,Technology
HCLES,HCLES,General
HCMA,HCMA,Financials
HCSG,HCSG,Healthcare
HCXLF,HCXLF,Financials
HD,Home Depot,Consumer Discretionary
HDALF,HDALF,General
HDIUF,HDIUF,Industrials
HEHSF,HEHSF,Financials
HELE,HELE,General
HES,Hess Corp,Energy
HESAF,HESAF,General
HG,HG,Financials
HGV,HGV,General
HGYMF,HGYMF,Healthcare
HHULF,HHULF,Industrials
HHUSF,HHUSF,Technology
HIG,Hartford Financial Services,Financials
HII,HII,Industrials
HINOF,HINOF,Industrials
HISEF,HISEF,General
HITI,HITI,Healthcare
HKEPF,HKEPF,Utilities
HKMPF,HKMPF,Healthcare
HKPMF,HKPMF,Materials
HKTGF,HKTGF,Industrials
HKUOF,HKUOF,Communication Services
HLAGF,HLAGF,Industrials
HLBZF,HLBZF,Materials
HLDVF,HLDVF,Real Estate
HLF,HLF,General
HLKHF,HLKHF,General
HLLY,HLLY,General
HLNCF,HLNCF,Healthcare
HLOSF,HLOSF,Healthcare
HLPMF,HLPMF,Energy
HLT,Hilton Worldwide,Consumer Discretionary
HLTC,HLTC,General
HLWYS,HLWYS,General
HLXFF,HLXFF,Industrials
HMCLF,HMCLF,Real Estate
HMDCF,HMDCF,Healthcare
HMDPF,HMDPF,Industrials
HMTYS,HMTYS,General
HNDAF,HNDAF,General
HNIT,HNIT,General
HNNGF,HNNGF,General
HNORF,HNORF,General
HNSBF,HNSBF,Healthcare
HNSPF,HNSPF,Healthcare
HNTIF,HNTIF,Energy
HOEGF,HOEGF,Industrials
HOFJF,HOFJF,General
HOKRF,HOKRF,Utilities
HOLX,Hologic Inc,Healthcare
HOMB,Home BancShares,Financials
HON,Honeywell International,Industrials
HOOD,HOOD,Financials
HOPE,HOPE,Financials
HOV,HOV,General
HOYFF,HOYFF,General
HPE,Hewlett Packard Enterprise,Technology
HPK,HPK,Energy
HPQ,HP Inc,Technology
HQ,HQ,Technology
HRASF,HRASF,Utilities
HRL,Hormel Foods,Consumer Staples
HRNNF,HRNNF,Utilities
HROGF,HROGF,Financials
HRTG,HRTG,Financials
HRZN,HRZN,Financials
HSHIF,HSHIF,Industrials
HSHPF,HSHPF,Industrials
HSIC,Henry Schein Inc,Healthcare
HSKWF,HSKWF,General
HSTXF,HSTXF,Materials
HSY,Hershey Co,Consumer Staples
HTBK,HTBK,Financials
HTLD,HTLD,Industrials
HTSUF,HTSUF,Healthcare
HTWSF,HTWSF,Communication Services
HTZ,HTZ,Industrials
HUBB,Hubbell Inc,Industrials
HUBS,HubSpot Inc,Technology
HUFAF,HUFAF,Real Estate
HULCF,HULCF,Real Estate
HUM,Humana Inc,Healthcare
HUN,HUN,Materials
HUQVF,HUQVF,Industrials
HURN,HURN,Industrials
HUSQF,HUSQF,Industrials
HUT,HUT,Financials
HUWWF,HUWWF,General
HVII,HVII,Financials
HVMC,HVMC,General
HVT,HVT,General
HWC,Hancock Whitney,Financials
HWDJF,HWDJF,General
HWGLF,HWGLF,Real Estate
HWKN,HWKN,Materials
HWLDF,HWLDF,General
HXGBF,HXGBF,Technology
HYAC,HYAC,Financials
HYHHF,HYHHF,Healthcare
HYMC,HYMC,Materials
HYMLF,HYMLF,General
HYSNF,HYSNF,Real Estate
HYUHF,HYUHF,Industrials
HZO,HZO,General
IAC,IAC Inc,Communication Services
IAG,IAG,Materials
IAUGF,IAUGF,Financials
IAUX,IAUX,Materials
IBCP,IBCP,Financials
IBJHF,IBJHF,Materials
IBRX,IBRX,Healthcare
IBTA,IBTA,Technology
ICE,Intercontinental Exchange,Financials
ICFI,ICFI,Industrials
ICHGF,ICHGF,General
ICHIF,ICHIF,Real Estate
ICHR,ICHR,Technology
ICL,ICL,Materials
ICLR,ICLR,Healthcare
ICTEF,ICTEF,Industrials
ICUI,ICUI,Healthcare
IDDWF,IDDWF,Industrials
IDEXF,IDEXF,General
IDKOF,IDKOF,Energy
IDPUF,IDPUF,General
IDT,IDT,Communication Services
IDTVF,IDTVF,Financials
IDXX,IDEXX Laboratories,Healthcare
IEAG,IEAG,General
IESC,IESC,Industrials
IEX,IDEX Corp,Industrials
IFCNF,IFCNF,Technology
IFCZF,IFCZF,Financials
IFF,International Flavors & Fragrances,Materials
IFMNF,IFMNF,Technology
IFNNF,IFNNF,Technology
IFPJF,IFPJF,Communication Services
IFSPF,IFSPF,Materials
IFUUF,IFUUF,Industrials
IGGRF,IGGRF,Financials
IGIC,IGIC,Financials
IGIFF,IGIFF,Financials
IHCPF,IHCPF,General
IHRT,IHRT,Communication Services
IHS,IHS,Real Estate
IIIN,IIIN,Industrials
ILMN,ILMN,Healthcare
ILPMF,ILPMF,Financials
IMBBF,IMBBF,General
IMCLF,IMCLF,General
IMDXF,IMDXF,Industrials
IMDZF,IMDZF,Materials
IMKTA,IMKTA,General
IMPUF,IMPUF,Materials
IMYCF,IMYCF,Energy
INBX,INBX,Healthcare
INCY,Incyte Corp,Healthcare
INDI,INDI,Technology
INDV,INDV,Healthcare
INGM,INGM,Technology
INGR,Ingredion Inc,Consumer Staples
INMD,INMD,Healthcare
INOD,INOD,Technology
INREF,INREF,General
INSCF,INSCF,General
INSM,INSM,Healthcare
INSP,Inspire Medical Systems,Healthcare
INTC,Intel Corp,Technology
INTR,INTR,Financials
INTU,Intuit Inc,Technology
INV,INV,Financials
INVH,Invitation Homes,Real Estate
IOBCF,IOBCF,Healthcare
IONQ,IONQ,Technology
IONS,Ionis Pharmaceuticals,Healthcare
IOSDF,IOSDF,General
IOSP,Innospec Inc,Materials
IP,International Paper,Materials
IPCEF,IPCEF,General
IPCFF,IPCFF,Energy
IPCX,IPCX,Financials
IPFPF,IPFPF,Financials
IPG,Interpublic Group,Communication Services
IPGLF,IPGLF,Industrials
IPI,IPI,Materials
IPOAF,IPOAF,Materials
IPOD,IPOD,Financials
IPSC,IPSC,Healthcare
IPXAF,IPXAF,Financials
IPXHF,IPXHF,Energy
IQV,IQVIA Holdings,Healthcare
IR,Ingersoll Rand,Industrials
IRICF,IRICF,Real Estate
IRM,Iron Mountain Inc,Real Estate
IRMTF,IRMTF,Industrials
IRT,Independence Realty Trust,Real Estate
IRTC,iRhythm Technologies,Healthcare
ISCDF,ISCDF,Financials
ISDAF,ISDAF,Financials
ISLMF,ISLMF,General
ISOU,ISOU,Energy
ISRG,Intuitive Surgical,Healthcare
ISRLF,ISRLF,General
IT,IT,Technology
ITGDF,ITGDF,Healthcare
ITGGF,ITGGF,Utilities
ITGR,Integer Holdings,Healthcare
ITHA,ITHA,General
ITHLF,ITHLF,General
ITIC,ITIC,Financials
ITMAF,ITMAF,General
ITOCF,ITOCF,Industrials
ITRN,ITRN,Technology
ITVPF,ITVPF,Communication Services
ITW,Illinois Tool Works,Industrials
IVBXF,IVBXF,Healthcare
IVCGF,IVCGF,Industrials
IVSBF,IVSBF,Financials
IVVD,IVVD,Healthcare
IVZ,Invesco Ltd,Financials
IWGFF,IWGFF,Real Estate
IZMIF,IZMIF,General
JACK,JACK,General
JACS,JACS,Financials
JAGGF,JAGGF,Materials
JAIRF,JAIRF,Industrials
JAN,JAN,Industrials
JANX,JANX,Healthcare
JAPAF,JAPAF,General
JAPPF,JAPPF,Technology
JBGS,JBG SMITH Properties,Real Estate
JBHT,JB Hunt Transport Services,Industrials
JBI,JBI,Industrials
JBL,JBL,Technology
JBLU,JetBlue Airways,Industrials
JBTM,JBTM,Industrials
JCAP,JCAP,Financials
JCI,Johnson Controls,Industrials
JDDSF,JDDSF,General
JENA,JENA,General
JFEEF,JFEEF,Materials
JFROF,JFROF,General
JHG,JHG,Financials
JIAXF,JIAXF,Materials
JMHSF,JMHSF,General
JMPLF,JMPLF,Materials
JMSB,JMSB,Financials
JNDOF,JNDOF,Healthcare
JNGHF,JNGHF,General
JNJ,Johnson & Johnson,Healthcare
JNPR,Juniper Networks,Technology
JOE,JOE,Real Estate
JPEVF,JPEVF,Industrials
JPM,JPMorgan Chase,Financials
JPNRF,JPNRF,Industrials
JPPIF,JPPIF,Financials
JPSWF,JPSWF,Industrials
JSCIF,JSCIF,Technology
JSEJF,JSEJF,Financials
JSNSF,JSNSF,General
JTEKF,JTEKF,General
JVCKF,JVCKF,General
JVTSF,JVTSF,Communication Services
JWSMF,JWSMF,Financials
JYSKF,JYSKF,Financials
K,Kellanova,Consumer Staples
KAEPF,KAEPF,Utilities
KAI,KAI,Industrials
KAJMF,KAJMF,Industrials
KALV,KALV,Healthcare
KANKF,KANKF,Materials
KARNF,KARNF,General
KARO,KARO,Technology
KBAGF,KBAGF,Industrials
KBDC,KBDC,Financials
KBRLF,KBRLF,Industrials
KCDMF,KCDMF,General
KDK,KDK,Technology
KELYA,KELYA,Industrials
KELYB,KELYB,Industrials
KEN,KEN,Utilities
KEY,KeyCorp,Financials
KEYS,Keysight Technologies,Technology
KFII,KFII,Financials
KFS,KFS,General
KGMEF,KGMEF,General
KGS,KGS,Energy
KGSPF,KGSPF,Industrials
KHC,KHC,General
KHTRF,KHTRF,Healthcare
KIERF,KIERF,Industrials
KIM,Kimco Realty,Real Estate
KIMTF,KIMTF,General
KINUF,KINUF,Industrials
KITZF,KITZF,Industrials
KKKUF,KKKUF,Communication Services
KKOAF,KKOAF,General
KKPCF,KKPCF,Healthcare
KKR,KKR & Co,Financials
KLAC,KLA Corp,Technology
KLC,KLC,General
KLRGF,KLRGF,Industrials
KMB,Kimberly-Clark,Consumer Staples
KMBIF,KMBIF,General
KMDA,KMDA,Healthcare
KMI,Kinder Morgan,Energy
KMUXF,KMUXF,General
KMX,CarMax Inc,Consumer Discretionary
KNAMF,KNAMF,Communication Services
KNBHF,KNBHF,General
KNDEF,KNDEF,General
KNF,KNF,Materials
KNMOF,KNMOF,Industrials
KNNNF,KNNNF,Technology
KNSL,KNSL,Financials
KNTNF,KNTNF,Materials
KNX,KNX,Industrials
KO,Coca-Cola Co,Consumer Staples
KODK,KODK,Industrials
KOJAF,KOJAF,Real Estate
KOP,KOP,Materials
KOPN,KOPN,Technology
KOTMF,KOTMF,General
KOYJF,KOYJF,Materials
KOYN,KOYN,Financials
KR,Kroger Co,Consumer Staples
KRAQ,KRAQ,General
KRKNF,KRKNF,Technology
KRMD,KRMD,Healthcare
KRNGF,KRNGF,Energy
KRNMF,KRNMF,General
KRNNF,KRNNF,Industrials
KRNT,KRNT,Industrials
KRNY,KRNY,Financials
KRO,KRO,Materials
KROS,KROS,Healthcare
KRSP,KRSP,Financials
KSFTF,KSFTF,Communication Services
KSPHF,KSPHF,Healthcare
KSTUF,KSTUF,Industrials
KTB,KTB,General
KTSUF,KTSUF,Materials
KTWIF,KTWIF,Industrials
KTYCF,KTYCF,General
KUASF,KUASF,Communication Services
KUBR,KUBR,Industrials
KUBTF,KUBTF,Industrials
KURCF,KURCF,Materials
KURRF,KURRF,Materials
KWHIF,KWHIF,Industrials
KWR,KWR,Materials
KXHCF,KXHCF,General
KXSCF,KXSCF,Technology
KYDKF,KYDKF,Industrials
KYIV,KYIV,Communication Services
KYKOF,KYKOF,Healthcare
KYMR,KYMR,Healthcare
KYRNF,KYRNF,Healthcare
KYYHF,KYYHF,Industrials
LAD,LAD,General
LAEKF,LAEKF,General
LANV,LANV,General
LAW,LAW,Technology
LAZ,LAZ,Financials
LBRDA,LBRDA,Communication Services
LBRDB,LBRDB,Communication Services
LBRT,LBRT,Energy
LBTYK,LBTYK,Communication Services
LC,LC,Financials
LCTX,LCTX,Healthcare
LDI,LDI,Financials
LDOS,Leidos Holdings,Technology
LDSVF,LDSVF,General
LE,LE,General
LEA,LEA,General
LECO,LECO,Industrials
LEG,LEG,General
LEGH,LEGH,General
LEGIF,LEGIF,Real Estate
LEGO,LEGO,General
LEN,Lennar Corp,Consumer Discretionary
LENZ,LENZ,Healthcare
LEU,LEU,Energy
LEVI,LEVI,General
LFABF,LFABF,Industrials
LFST,LFST,Healthcare
LFUS,LFUS,Technology
LGDDF,LGDDF,General
LGGNF,LGGNF,Financials
LGNRF,LGNRF,General
LH,LH,Healthcare
LHX,L3Harris Technologies,Industrials
LHYFF,LHYFF,Materials
LIEN,LIEN,Financials
LIF,LIF,Technology
LIFCF,LIFCF,General
LIFE,LIFE,Financials
LIFNF,LIFNF,Financials
LILAB,LILAB,Communication Services
LIMMS,LIMMS,General
LIN,Linde PLC,Materials
LINC,LINC,General
LION,LION,General
LIOPF,LIOPF,General
LITE,LITE,Technology
LIVN,LIVN,Healthcare
LKFN,LKFN,Financials
LKQ,LKQ Corp,Consumer Discretionary
LLY,Eli Lilly,Healthcare
LMAT,LMAT,Healthcare
LMHDF,LMHDF,Technology
LMND,LMND,Financials
LMT,Lockheed Martin,Industrials
LNDAF,LNDAF,Financials
LNG,Cheniere Energy,Energy
LNGPF,LNGPF,Real Estate
LNGWS,LNGWS,General
LNN,LNN,Industrials
LNNXS,LNNXS,General
LNTEF,LNTEF,Materials
LNWO,LNWO,General
LNZA,LNZA,Industrials
LNZNF,LNZNF,General
LOB,LOB,Financials
LOCO,LOCO,General
LODE,LODE,Materials
LOGC,LOGC,General
LOPE,LOPE,General
LOW,Lowes Companies,Consumer Discretionary
LPCV,LPCV,General
LPG,LPG,Energy
LPX,LPX,Industrials
LQDA,LQDA,Healthcare
LRCDF,LRCDF,Financials
LRCX,Lam Research,Technology
LRLCF,LRLCF,General
LSMNF,LSMNF,General
LSPD,LSPD,Technology
LSTR,LSTR,Industrials
LTBR,LTBR,Industrials
LTRCF,LTRCF,General
LUGDF,LUGDF,Materials
LULU,Lululemon Athletica,Consumer Discretionary
LUNMF,LUNMF,Materials
LUV,Southwest Airlines,Industrials
LVJYS,LVJYS,General
LVS,Las Vegas Sands,Consumer Discretionary
LVWR,LVWR,General
LVZPF,LVZPF,Healthcare
LWAY,LWAY,General
LXEO,LXEO,Healthcare
LXFR,LXFR,Industrials
LXRX,LXRX,Healthcare
LXU,LXU,Materials
LYB,LyondellBasell Industries,Materials
LYFT,Lyft Inc,Communication Services
LYSCF,LYSCF,Materials
LYTS,LYTS,Technology
LZB,LZB,General
M,M,General
MA,Mastercard Inc,Financials
MABHF,MABHF,Financials
MAC,Macerich Co,Real Estate
MAEWS,MAEWS,General
MAIN,MAIN,Financials
MAKOF,MAKOF,Materials
MALG,MALG,General
MALRF,MALRF,Materials
MAMA,MAMA,General
MAMTF,MAMTF,Financials
MANE,MANE,Healthcare
MANH,Manhattan Associates,Technology
MAR,Marriott International,Consumer Discretionary
MARA,MARA,Financials
MARUF,MARUF,Industrials
MAS,MAS,Industrials
MASI,Masimo Corp,Healthcare
MAT,Mattel Inc,Consumer Discretionary
MAURF,MAURF,Financials
MAWJS,MAWJS,General
MAZE,MAZE,Healthcare
MBC,MBC,General
MBFJF,MBFJF,Financials
MBLHS,MBLHS,General
MBLU,MBLU,Financials
MBRFF,MBRFF,Industrials
MBUMF,MBUMF,General
MBVI,MBVI,Financials
MBWM,MBWM,Financials
MCD,McDonald's Corp,Consumer Discretionary
MCFT,MCFT,General
MCHIF,MCHIF,Materials
MCHP,Microchip Technology,Technology
MCK,McKesson Corp,Healthcare
MCO,Moodys Corp,Financials
MCPMF,MCPMF,General
MCRI,MCRI,General
MCRUF,MCRUF,Industrials
MCTA,MCTA,Healthcare
MCVEF,MCVEF,Healthcare
MDA,MDA,Industrials
MDCKF,MDCKF,Technology
MDCLF,MDCLF,Healthcare
MDIBF,MDIBF,Financials
MDIKF,MDIKF,Energy
MDLYF,MDLYF,Healthcare
MDLZ,Mondelez International,Consumer Staples
MDNDF,MDNDF,General
MDOMF,MDOMF,General
MDRSF,MDRSF,Healthcare
MDT,Medtronic PLC,Healthcare
MDTWF,MDTWF,Real Estate
MDU,MDU,Utilities
MDWD,MDWD,Healthcare
MDXG,MDXG,Healthcare
MEC,MEC,Industrials
MEDGF,MEDGF,Healthcare
MEG,MEG,Industrials
MEJHF,MEJHF,General
MEOBF,MEOBF,Healthcare
MEOH,MEOH,Materials
MEQYF,MEQYF,Real Estate
MERVF,MERVF,General
MET,MetLife Inc,Financials
META,Meta Platforms,Technology
METCB,METCB,Materials
MFCSF,MFCSF,Healthcare
MFGI,MFGI,Financials
MFIC,MFIC,Financials
MGA,MGA,General
MGCOF,MGCOF,General
MGDDF,MGDDF,General
MGEE,MGEE,Utilities
MGIC,MGIC,Technology
MGM,MGM Resorts International,Consumer Discretionary
MGNO,MGNO,General
MGPPF,MGPPF,Technology
MGPUF,MGPUF,Financials
MGTX,MGTX,Healthcare
MGY,MGY,Energy
MHO,MHO,General
MIAX,MIAX,Financials
MIBE,MIBE,General
MICC,MICC,General
MICLF,MICLF,Industrials
MIDD,Middleby Corp,Industrials
MIDWF,MIDWF,General
MIELF,MIELF,Industrials
MIESF,MIESF,Industrials
MIHDF,MIHDF,Industrials
MINE,MINE,Materials
MIOFF,MIOFF,General
MIRM,MIRM,Healthcare
MITCF,MITCF,Industrials
MITEF,MITEF,Real Estate
MITFF,MITFF,Industrials
MIUFF,MIUFF,Financials
MIURF,MIURF,Industrials
MIXIF,MIXIF,Communication Services
MIZUF,MIZUF,General
MJDLF,MJDLF,Materials
MKC,McCormick Company,Consumer Staples
MKLY,MKLY,Financials
MKOEF,MKOEF,Technology
MKOOS,MKOOS,General
MKRFS,MKRFS,General
MKSAS,MKSAS,General
MKSGS,MKSGS,General
MKSHS,MKSHS,General
MKSJS,MKSJS,General
MKSNS,MKSNS,General
MKSSS,MKSSS,General
MKSXS,MKSXS,General
MKTX,MarketAxess Holdings,Financials
MLAB,MLAB,Technology
MLGF,MLGF,Financials
MLHLF,MLHLF,General
MLI,MLI,Industrials
MLLGF,MLLGF,Industrials
MLM,Martin Marietta Materials,Materials
MLYS,MLYS,Healthcare
MMM,3M Company,Industrials
MMSI,Merit Medical Systems,Healthcare
MMSSS,MMSSS,General
MMTOF,MMTOF,General
MMYT,MMYT,General
MNBEF,MNBEF,Technology
MNDY,MNDY,Technology
MNHVF,MNHVF,General
MNICF,MNICF,Healthcare
MNKD,MNKD,Healthcare
MNNLF,MNNLF,Healthcare
MNPR,MNPR,Healthcare
MNRO,MNRO,General
MO,Altria Group,Consumer Staples
MOH,Molina Healthcare,Healthcare
MOHCF,MOHCF,Energy
MOLFF,MOLFF,Energy
MOPLF,MOPLF,General
MORN,MORN,Financials
MOS,Mosaic Co,Materials
MPC,Marathon Petroleum,Energy
MPEVF,MPEVF,General
MPFRF,MPFRF,Financials
MPPTF,MPPTF,General
MPTI,MPTI,Technology
MPWR,Monolithic Power Systems,Technology
MPX,MPX,General
MPZAF,MPZAF,General
MPZZF,MPZZF,Industrials
MRAAF,MRAAF,Technology
MRCBF,MRCBF,Real Estate
MRCIF,MRCIF,General
MRHLF,MRHLF,Industrials
MRK,Merck & Co,Healthcare
MRNA,Moderna Inc,Healthcare
MRNFF,MRNFF,Energy
MRO,Marathon Oil,Energy
MROFS,MROFS,General
MRRFF,MRRFF,General
MRVL,Marvell Technology,Technology
MRWAS,MRWAS,General
MRWDS,MRWDS,General
MRWES,MRWES,General
MRWFS,MRWFS,General
MS,Morgan Stanley,Financials
MSA,MSA Safety,Industrials
MSADF,MSADF,Financials
MSAOS,MSAOS,General
MSBHF,MSBHF,Industrials
MSCI,MSCI Inc,Technology
MSFFS,MSFFS,General
MSFT,Microsoft Corp,Technology
MSGS,MSGS,Communication Services
MSKHS,MSKHS,General
MSLOF,MSLOF,Industrials
MSM,MSM,Industrials
MSOKS,MSOKS,General
MSTR,MSTR,Technology
MSWAS,MSWAS,General
MSWCS,MSWCS,General
MSWES,MSWES,General
MSWOS,MSWOS,General
MSWPS,MSWPS,General
MSWTS,MSWTS,General
MSWWS,MSWWS,General
MSXSS,MSXSS,General
MSYKS,MSYKS,General
MTASF,MTASF,Industrials
MTB,M&T Bank Corp,Financials
MTCH,Match Group,Communication Services
MTD,Mettler-Toledo International,Healthcare
MTDR,Matador Resources,Energy
MTFC,MTFC,Financials
MTG,MTG,Financials
MTH,MTH,General
MTHRF,MTHRF,Healthcare
MTKRS,MTKRS,General
MTLPF,MTLPF,General
MTPLF,MTPLF,General
MTPOF,MTPOF,Financials
MTRAF,MTRAF,General
MTRJF,MTRJF,Industrials
MTRN,MTRN,Materials
MTSFF,MTSFF,Real Estate
MTSI,MTSI,Technology
MTTWF,MTTWF,General
MTWFS,MTWFS,General
MTWLS,MTWLS,General
MTWQS,MTWQS,General
MTWTF,MTWTF,Industrials
MTWYS,MTWYS,General
MTX,MTX,Materials
MTZ,MTZ,Industrials
MU,Micron Technology,Technology
MUKCF,MUKCF,Industrials
MUR,Murphy Oil Corp,Energy
MURGF,MURGF,Financials
MUTRF,MUTRF,General
MUZE,MUZE,General
MVFTS,MVFTS,General
MVST,MVST,General
MVTCS,MVTCS,General
MVTHS,MVTHS,General
MVTJS,MVTJS,General
MVWKS,MVWKS,General
MWAOS,MWAOS,General
MWKNS,MWKNS,General
MWLYS,MWLYS,General
MWOJS,MWOJS,General
MWQAS,MWQAS,General
MWQDS,MWQDS,General
MWQFS,MWQFS,General
MWQGS,MWQGS,General
MWQPS,MWQPS,General
MWQSS,MWQSS,General
MWQTS,MWQTS,General
MWQUS,MWQUS,General
MWQVS,MWQVS,General
MWRAS,MWRAS,General
MWRGS,MWRGS,General
MWRHS,MWRHS,General
MWRZS,MWRZS,General
MWSMS,MWSMS,General
MWTFS,MWTFS,General
MWTOS,MWTOS,General
MWVCS,MWVCS,General
MWVTS,MWVTS,General
MWVWS,MWVWS,General
MWXOS,MWXOS,General
MWXTS,MWXTS,General
MWZNS,MWZNS,General
MXCHF,MXCHF,Industrials
MXCLF,MXCLF,General
MXKHS,MXKHS,General
MXOTS,MXOTS,General
MXTOS,MXTOS,General
MXZFS,MXZFS,General
MYE,MYE,General
MYFW,MYFW,Financials
MYTEF,MYTEF,Communication Services
MZDAF,MZDAF,General
MZTFF,MZTFF,Financials
NAK,NAK,Materials
NAPRF,NAPRF,General
NAT,NAT,Energy
NATH,NATH,General
NATL,NATL,Technology
NAVI,NAVI,Financials
NB,NB,Materials
NBBK,NBBK,Financials
NBIX,Neurocrine Biosciences,Healthcare
NBN,NBN,Financials
NBR,NBR,Energy
NCCBF,NCCBF,Industrials
NCCGF,NCCGF,Technology
NCDL,NCDL,Financials
NCHEF,NCHEF,General
NCLH,Norwegian Cruise Line,Consumer Discretionary
NCLTF,NCLTF,General
NCMI,NCMI,Communication Services
NCNO,NCNO,Technology
NDAQ,Nasdaq Inc,Financials
NDBKF,NDBKF,Financials
NDEKF,NDEKF,Materials
NDSN,Nordson Corp,Industrials
NECB,NECB,Financials
NEE,NextEra Energy,Utilities
NEGG,NEGG,General
NEM,Newmont Corp,Materials
NEO,NEO,Healthcare
NEOG,NEOG,Healthcare
NESRF,NESRF,Materials
NET,Cloudflare Inc,Technology
NETTF,NETTF,Communication Services
NEU,NEU,Materials
NEWP,NEWP,Materials
NEXA,NEXA,Materials
NEXPF,NEXPF,Technology
NFG,NFG,Energy
NFGC,NFGC,Materials
NFLX,Netflix Inc,Communication Services
NFPC,NFPC,Industrials
NFYEF,NFYEF,General
NG,NG,Materials
NGEN,NGEN,Healthcare
NGGTF,NGGTF,Utilities
NGKIF,NGKIF,Industrials
NGRRF,NGRRF,Technology
NGS,NGS,Energy
NGVC,NGVC,General
NGVT,NGVT,Materials
NGXXF,NGXXF,Materials
NHBAF,NHBAF,Industrials
NHC,NHC,Healthcare
NHHS,NHHS,General
NHMAF,NHMAF,Financials
NHNCF,NHNCF,Communication Services
NHOLF,NHOLF,Financials
NHYKF,NHYKF,Materials
NI,NiSource Inc,Utilities
NIC,NIC,Financials
NINOF,NINOF,General
NIPKF,NIPKF,Industrials
NIPNF,NIPNF,Technology
NIQ,NIQ,General
NISTF,NISTF,Materials
NJMLF,NJMLF,General
NKE,Nike Inc,Consumer Discretionary
NKNSF,NKNSF,Healthcare
NKOKF,NKOKF,Technology
NKRKF,NKRKF,General
NLLRF,NLLRF,Industrials
NLTBF,NLTBF,Healthcare
NMFC,NMFC,Financials
NMG,NMG,Materials
NMRA,NMRA,Healthcare
NMRSF,NMRSF,Industrials
NMUCF,NMUCF,Industrials
NNCHF,NNCHF,Materials
NNCSF,NNCSF,Healthcare
NNE,NNE,Industrials
NNFSF,NNFSF,General
NNGPF,NNGPF,Financials
NNN,NNN REIT,Real Estate
NNRDF,NNRDF,General
NNWWF,NNWWF,General
NNXPF,NNXPF,Materials
NOC,Northrop Grumman,Industrials
NOEJF,NOEJF,Industrials
NOG,Northern Oil and Gas,Energy
NOMD,NOMD,General
NONOF,NONOF,Healthcare
NOVT,Novanta Inc,Technology
NOW,ServiceNow Inc,Technology
NPAC,NPAC,Financials
NPACF,NPACF,Technology
NPB,NPB,Financials
NPCPF,NPCPF,Materials
NPEGF,NPEGF,Technology
NPIFF,NPIFF,Utilities
NPKYF,NPKYF,Materials
NPO,NPO,Industrials
NPRKF,NPRKF,General
NPTSF,NPTSF,General
NPTVF,NPTVF,Communication Services
NRC,NRC,Healthcare
NRDXF,NRDXF,Industrials
NREDF,NREDF,General
NRG,NRG Energy,Utilities
NRGV,NRGV,Utilities
NRIM,NRIM,Financials
NRKBF,NRKBF,Industrials
NRTZF,NRTZF,Industrials
NSC,Norfolk Southern,Industrials
NSEIF,NSEIF,General
NSIT,NSIT,Technology
NSKFF,NSKFF,Industrials
NSSC,NSSC,Industrials
NTAP,NetApp Inc,Technology
NTCT,NTCT,Technology
NTLA,NTLA,Healthcare
NTNX,Nutanix Inc,Technology
NTOIF,NTOIF,Energy
NTPIF,NTPIF,Real Estate
NTRS,Northern Trust Corp,Financials
NTTMF,NTTMF,Materials
NTWO,NTWO,Financials
NUAI,NUAI,Technology
NUE,Nucor Corp,Materials
NURAF,NURAF,Technology
NUS,NUS,General
NUVB,NUVB,Healthcare
NUVL,NUVL,Healthcare
NVAX,NVAX,Healthcare
NVCR,NovoCure Ltd,Healthcare
NVCT,NVCT,Healthcare
NVDA,NVIDIA Corp,Technology
NVR,NVR Inc,Consumer Discretionary
NVRI,NVRI,Industrials
NVST,NVST,Healthcare
NVZMF,NVZMF,Materials
NWARF,NWARF,Industrials
NWBI,Northwest Bancshares,Financials
NWE,NWE,Utilities
NWFL,NWFL,Financials
NWL,NWL,General
NWPHF,NWPHF,General
NWSA,NWSA,Communication Services
NWSZF,NWSZF,Industrials
NWWCF,NWWCF,Financials
NX,NX,Industrials
NXE,NXE,Energy
NXGPF,NXGPF,General
NXPI,NXP Semiconductors,Technology
NXRT,NexPoint Residential Trust,Real Estate
NXT,NXT,Technology
NXTN,NXTN,Industrials
NYAX,NYAX,Technology
NZTCF,NZTCF,Communication Services
O,Realty Income Corp,Real Estate
OBA,OBA,Financials
OBIIF,OBIIF,Technology
OCLDF,OCLDF,Materials
OCPNF,OCPNF,Healthcare
OCS,OCS,Healthcare
ODC,ODC,Materials
ODD,ODD,General
ODERF,ODERF,Industrials
ODFJF,ODFJF,Energy
ODFL,Old Dominion Freight Line,Industrials
ODTLF,ODTLF,General
ODV,ODV,Materials
OERCF,OERCF,Industrials
OFIX,OFIX,Healthcare
OFLX,OFLX,Industrials
OGE,OGE,Utilities
OGN,OGN,Healthcare
OGS,OGS,Utilities
OHBTF,OHBTF,Industrials
OHLTF,OHLTF,General
OI,OI,General
OICT,OICT,Materials
OIM,OIM,General
OIS,OIS,Energy
OITAF,OITAF,Financials
OKCTF,OKCTF,Communication Services
OKE,ONEOK Inc,Energy
OKEPF,OKEPF,Utilities
OKLO,OKLO,Utilities
OKTA,Okta Inc,Technology
OKUMF,OKUMF,Industrials
OLCLF,OLCLF,General
OLLI,OLLI,General
OLMA,OLMA,Healthcare
OLN,Olin Corp,Materials
OMC,Omnicom Group,Communication Services
OMF,OMF,Financials
OMGGF,OMGGF,Materials
ON,ON Semiconductor,Technology
ONCH,ONCH,Financials
ONIT,ONIT,Financials
ONTF,ONTF,Technology
ONTTF,ONTTF,Healthcare
ONZBF,ONZBF,General
OOBHF,OOBHF,General
OOMA,OOMA,Technology
OPAL,OPAL,Utilities
OPPPF,OPPPF,Real Estate
OR,OR,Materials
ORBS,ORBS,General
ORCL,Oracle Corp,Technology
ORGJF,ORGJF,Industrials
ORGO,ORGO,Healthcare
ORINF,ORINF,Healthcare
ORKA,ORKA,Healthcare
ORKLF,ORKLF,General
ORLY,O'Reilly Automotive,Consumer Discretionary
ORPEF,ORPEF,Healthcare
ORXCF,ORXCF,Financials
ORYZF,ORYZF,Healthcare
OSAGF,OSAGF,Industrials
OSG,OSG,Financials
OSGSF,OSGSF,Utilities
OSKXF,OSKXF,Materials
OSS,OSS,Technology
OSSFF,OSSFF,Healthcare
OSTTF,OSTTF,Materials
OSUKF,OSUKF,Technology
OSW,OSW,General
OTCM,OTCM,Financials
OTF,OTF,Financials
OTGA,OTGA,Financials
OTIS,Otis Worldwide,Industrials
OTTR,OTTR,Industrials
OUST,OUST,Technology
OUTFF,OUTFF,Materials
OVHFF,OVHFF,Technology
OVID,OVID,Healthcare
OVLY,OVLY,Financials
OXIDF,OXIDF,Technology
OXINF,OXINF,Technology
OXY,Occidental Petroleum,Energy
OYOCF,OYOCF,Industrials
PACK,PACK,General
PAFRF,PAFRF,Materials
PAG,PAG,General
PAHC,PAHC,Healthcare
PAII,PAII,General
PALZF,PALZF,General
PANL,PANL,Industrials
PANW,Palo Alto Networks,Technology
PAR,PAR,Technology
PARA,Paramount Global,Communication Services
PARR,PARR,Energy
PARXF,PARXF,Energy
PASMF,PASMF,Financials
PATH,PATH,Technology
PATK,PATK,General
PAWH,PAWH,Industrials
PAX,PAX,Financials
PAYC,Paycom Software,Technology
PAYS,PAYS,Technology
PAYX,PAYX,Technology
PBBIF,PBBIF,Healthcare
PBF,PBF,Energy
PBFS,PBFS,Financials
PBSFF,PBSFF,Communication Services
PBYI,PBYI,Healthcare
PCB,PCB,Financials
PCCYF,PCCYF,Energy
PCG,PG&E Corp,Utilities
PCRDF,PCRDF,Technology
PCRX,PCRX,Healthcare
PCTY,Paylocity Holding,Technology
PCUUF,PCUUF,General
PCVX,PCVX,Healthcare
PDLB,PDLB,Financials
PDRDF,PDRDF,General
PDS,PDS,Energy
PEBO,PEBO,Financials
PED,PED,Energy
PEG,Public Service Enterprise Group,Utilities
PEGRF,PEGRF,Utilities
PEJMF,PEJMF,Healthcare
PENN,PENN,General
PEP,PepsiCo Inc,Consumer Staples
PERI,PERI,Communication Services
PESAF,PESAF,Energy
PEYUF,PEYUF,Energy
PFE,Pfizer Inc,Healthcare
PFG,Principal Financial Group,Financials
PFGC,Performance Food Group,Consumer Staples
PFIS,PFIS,Financials
PFLT,PFLT,Financials
PFODF,PFODF,General
PFPLF,PFPLF,General
PFSI,PFSI,Financials
PG,Procter & Gamble,Consumer Staples
PGHIF,PGHIF,General
PGINF,PGINF,Industrials
PGNY,PGNY,Healthcare
PGPHF,PGPHF,Financials
PGY,PGY,Technology
PH,Parker-Hannifin,Industrials
PHAT,PHAT,Healthcare
PHBBF,PHBBF,Healthcare
PHCCF,PHCCF,Healthcare
PHCI,PHCI,Materials
PHM,PulteGroup Inc,Consumer Discretionary
PHMMF,PHMMF,Healthcare
PHOE,PHOE,Industrials
PHPMF,PHPMF,General
PHR,PHR,Healthcare
PHTCF,PHTCF,Communication Services
PHVS,PHVS,Healthcare
PHXHF,PHXHF,Energy
PIAGF,PIAGF,General
PIERF,PIERF,General
PIII,PIII,Healthcare
PINS,Pinterest Inc,Communication Services
PINWF,PINWF,Technology
PJT,PJT,Financials
PKE,PKE,Industrials
PKG,Packaging Corp of America,Materials
PKI,Revvity Inc,Healthcare
PLAB,PLAB,Technology
PLAY,PLAY,Communication Services
PLBC,PLBC,Financials
PLBL,PLBL,General
PLD,Prologis Inc,Real Estate
PLFRF,PLFRF,Industrials
PLG,PLG,Materials
PLRRF,PLRRF,Financials
PLSQF,PLSQF,Financials
PLTK,PLTK,Communication Services
PLTR,Palantir Technologies,Technology
PLTS,PLTS,Technology
PLXNF,PLXNF,Industrials
PLXS,PLXS,Technology
PLYA,Playa Hotels & Resorts,Consumer Discretionary
PM,Philip Morris,Consumer Staples
PMOIF,PMOIF,Energy
PMTR,PMTR,Financials
PNADF,PNADF,Energy
PNAGF,PNAGF,Energy
PNC,PNC Financial Services,Financials
PNDZF,PNDZF,General
PNSPF,PNSPF,Materials
PODD,Insulet Corp,Healthcare
POET,POET,Technology
POGHF,POGHF,Industrials
POOL,Pool Corp,Consumer Discretionary
POPMF,POPMF,General
PORBF,PORBF,General
POST,Post Holdings,Consumer Staples
PPC,PPC,General
PPCCF,PPCCF,Financials
PPG,PPG Industries,Materials
PPHC,PPHC,Industrials
PPL,PPL,Utilities
PPTA,PPTA,Materials
PPTDF,PPTDF,Healthcare
PPTTF,PPTTF,Financials
PR,Permian Resources,Energy
PRA,PRA,Financials
PRAA,PRAA,Financials
PRAX,PRAX,Healthcare
PRCH,PRCH,Financials
PRE,PRE,Healthcare
PRK,PRK,Financials
PRLPF,PRLPF,Financials
PRM,PRM,Materials
PRMB,PRMB,General
PRME,PRME,Healthcare
PROK,PROK,Healthcare
PRSU,PRSU,General
PRTA,PRTA,Healthcare
PRU,Prudential Financial,Financials
PSA,Public Storage,Real Estate
PSKOF,PSKOF,Energy
PSKRF,PSKRF,Financials
PSMMF,PSMMF,General
PSMT,PSMT,General
PSN,PSN,Technology
PSORF,PSORF,Communication Services
PSSEF,PSSEF,Industrials
PSTG,Pure Storage,Technology
PSX,Phillips 66,Energy
PSZKF,PSZKF,Financials
PTAUF,PTAUF,Industrials
PTC,PTC Inc,Technology
PTCT,PTCT,Healthcare
PTGX,PTGX,Healthcare
PTNM,PTNM,General
PTNRF,PTNRF,Communication Services
PTOR,PTOR,General
PTTWF,PTTWF,Communication Services
PUIGF,PUIGF,General
PUKPF,PUKPF,Financials
PURR,PURR,Financials
PVARF,PVARF,Industrials
PVH,PVH Corp,Consumer Discretionary
PWR,Quanta Services,Industrials
PWRHF,PWRHF,General
PYIYF,PYIYF,Real Estate
PYPL,PayPal Holdings,Financials
PYYIF,PYYIF,Industrials
PZRIF,PZRIF,General
PZZPF,PZZPF,Energy
Q,Q,Technology
QBEIF,QBEIF,Financials
QCOM,Qualcomm Inc,Technology
QDEL,QDEL,Healthcare
QIHCF,QIHCF,General
QKIE,QKIE,Financials
QNST,QNST,Communication Services
QNTPF,QNTPF,General
QNTQF,QNTQF,Industrials
QRNNF,QRNNF,Industrials
QRVO,QRVO,Technology
QUBHF,QUBHF,Industrials
QUBSF,QUBSF,Industrials
QUCOF,QUCOF,Financials
QUILF,QUILF,Financials
QURE,QURE,Healthcare
QXO,QXO,Industrials
RAIFF,RAIFF,Financials
RAJAF,RAJAF,General
RARE,Ultragenyx Pharmaceutical,Healthcare
RARFS,RARFS,General
RBA,RBA,Industrials
RBC,RBC,Industrials
RBGPF,RBGPF,General
RBLX,Roblox Corp,Communication Services
RBRK,RBRK,Technology
RBXXS,RBXXS,General
RCAWS,RCAWS,General
RCCB,RCCB,Communication Services
RCI,RCI,Communication Services
RCIAF,RCIAF,Communication Services
RCKHF,RCKHF,Energy
RCKY,RCKY,General
RCL,Royal Caribbean Cruises,Consumer Discretionary
RCPOS,RCPOS,General
RCVCS,RCVCS,General
RDAG,RDAG,Financials
RDEIF,RDEIF,Utilities
RDIB,RDIB,Communication Services
RDNW,RDNW,General
RDRCS,RDRCS,General
RE,Everest Group,Financials
REAQS,REAQS,General
REASS,REASS,General
REATS,REATS,General
REAX,REAX,Real Estate
REG,Regency Centers,Real Estate
REGMF,REGMF,Healthcare
REGN,Regeneron Pharmaceuticals,Healthcare
RELY,RELY,Technology
REMYF,REMYF,General
REVXF,REVXF,Healthcare
REXNORD,Rexnord Corp,Industrials
REXR,Rexford Industrial Realty,Real Estate
REYN,REYN,General
REZI,REZI,Industrials
RF,Regions Financial,Financials
RGA,Reinsurance Group of America,Financials
RGC,RGC,Healthcare
RGEDF,RGEDF,Healthcare
RGEN,RGEN,Healthcare
RGR,RGR,Industrials
RGTI,RGTI,Technology
RH,RH,General
RHBAF,RHBAF,Financials
RHHVF,RHHVF,Healthcare
RHLD,RHLD,Industrials
RHNO,RHNO,Financials
RHUHF,RHUHF,General
RICK,RICK,General
RICOF,RICOF,Industrials
RIDYF,RIDYF,General
RIGL,RIGL,Healthcare
RINVS,RINVS,General
RIOFF,RIOFF,Materials
RIOT,RIOT,Financials
RIRGS,RIRGS,General
RIVN,RIVN,General
RJF,Raymond James Financial,Financials
RKLB,RKLB,Industrials
RKPPS,RKPPS,General
RKSLF,RKSLF,Industrials
RKUSF,RKUSF,Technology
RKWAF,RKWAF,General
RL,Ralph Lauren Corp,Consumer Discretionary
RLDZS,RLDZS,General
RLEVF,RLEVF,General
RLI,RLI,Financials
RLLMF,RLLMF,Real Estate
RM,RM,Financials
RMBS,RMBS,Technology
RMD,ResMed Inc,Healthcare
RMDEF,RMDEF,Communication Services
RMGNF,RMGNF,Industrials
RMGOF,RMGOF,Financials
RMMCS,RMMCS,General
RMR,RMR,Real Estate
RMSYF,RMSYF,Healthcare
RNA,RNA,Healthcare
RNDKS,RNDKS,General
RNGOF,RNGOF,General
RNGR,RNGR,Energy
RNMNS,RNMNS,General
RNR,RNR,Financials
RNW,RNW,Utilities
RNWHF,RNWHF,Industrials
ROAD,ROAD,Industrials
ROG,ROG,Technology
ROIV,ROIV,Healthcare
ROK,Rockwell Automation,Industrials
ROKOF,ROKOF,General
ROL,ROL,General
ROMA,ROMA,Industrials
ROOT,ROOT,Financials
ROP,Roper Technologies,Industrials
ROST,Ross Stores,Consumer Discretionary
ROSWS,ROSWS,General
RPBMS,RPBMS,General
RPCDF,RPCDF,General
RPELS,RPELS,General
RPHCF,RPHCF,General
RPKYS,RPKYS,General
RPM,RPM International,Materials
RRC,Range Resources,Energy
RRHHS,RRHHS,General
RRR,RRR,General
RRSES,RRSES,General
RRVAS,RRVAS,General
RRVDS,RRVDS,General
RRX,RRX,Industrials
RS,RS,Materials
RSBAS,RSBAS,General
RSBBS,RSBBS,General
RSBGS,RSBGS,General
RSBJS,RSBJS,General
RSBQS,RSBQS,General
RSBTS,RSBTS,General
RSCAS,RSCAS,General
RSCPS,RSCPS,General
RSCYS,RSCYS,General
RSCZS,RSCZS,General
RSEAS,RSEAS,General
RSEHS,RSEHS,General
RSEJS,RSEJS,General
RSEKS,RSEKS,General
RSEMS,RSEMS,General
RSEOS,RSEOS,General
RSEQS,RSEQS,General
RSEVS,RSEVS,General
RSFFS,RSFFS,General
RSG,Republic Services,Industrials
RSGRS,RSGRS,General
RSGUF,RSGUF,General
RSLBF,RSLBF,Healthcare
RSLKS,RSLKS,General
RSLXS,RSLXS,General
RSMSS,RSMSS,General
RSNHF,RSNHF,Financials
RSOTF,RSOTF,General
RSRBF,RSRBF,Materials
RSSOS,RSSOS,General
RSSTS,RSSTS,General
RSSUS,RSSUS,General
RSSZS,RSSZS,General
RSVHS,RSVHS,General
RSVR,RSVR,Communication Services
RSWHS,RSWHS,General
RTAC,RTAC,Financials
RTGWS,RTGWS,General
RTNTF,RTNTF,Materials
RTX,Raytheon Technologies,Industrials
RUBLF,RUBLF,Energy
RUBSF,RUBSF,Energy
RUPRF,RUPRF,Materials
RUSHA,RUSHA,General
RUSHB,RUSHB,General
RVMD,RVMD,Healthcare
RVRF,RVRF,Financials
RVTY,RVTY,Healthcare
RVVCS,RVVCS,General
RVVFS,RVVFS,General
RWNFF,RWNFF,Utilities
RXLSF,RXLSF,Technology
RXRX,Recursion Pharmaceuticals,Healthcare
RXT,RXT,Technology
RYAM,RYAM,Materials
RYAOF,RYAOF,Industrials
RYDAF,RYDAF,Energy
RYEES,RYEES,General
RYTM,RYTM,Healthcare
SAAQ,SAAQ,General
SAFRF,SAFRF,Industrials
SAFT,SAFT,Financials
SAH,SAH,General
SAIA,SAIA,Industrials
SAIC,Science Applications International,Technology
SAIL,SAIL,Technology
SALRF,SALRF,General
SAMHF,SAMHF,Materials
SANJF,SANJF,Technology
SANM,SANM,Technology
SAOGF,SAOGF,General
SAPIF,SAPIF,General
SARO,SARO,Industrials
SARTF,SARTF,Healthcare
SASOF,SASOF,Materials
SATLF,SATLF,General
SATS,SATS,Communication Services
SAXPF,SAXPF,Financials
SB,SB,Industrials
SBAC,SBA Communications,Real Estate
SBBTF,SBBTF,Communication Services
SBCF,SBCF,Financials
SBET,SBET,Financials
SBFFF,SBFFF,Energy
SBGI,SBGI,Communication Services
SBLK,SBLK,Industrials
SBMW,SBMW,General
SBNC,SBNC,Financials
SBOEF,SBOEF,Energy
SBREF,SBREF,General
SBRKF,SBRKF,Financials
SBUX,Starbucks Corp,Consumer Discretionary
SBYSF,SBYSF,Materials
SCAFF,SCAFF,General
SCGX,SCGX,Financials
SCHL,SCHL,Communication Services
SCHW,Charles Schwab,Financials
SCHYF,SCHYF,General
SCM,SCM,Financials
SCOTF,SCOTF,Communication Services
SCTBF,SCTBF,Industrials
SCVL,SCVL,General
SCWTF,SCWTF,Industrials
SCZM,SCZM,Materials
SDAEF,SDAEF,Technology
SDCVF,SDCVF,Materials
SDGR,Schrodinger Inc,Healthcare
SDMHF,SDMHF,Healthcare
SDTHF,SDTHF,Industrials
SEB,SEB,Industrials
SECYF,SECYF,Industrials
SEE,Sealed Air Corp,Materials
SEG,SEG,Real Estate
SEGSF,SEGSF,Industrials
SEIC,SEIC,Financials
SEIGF,SEIGF,Industrials
SEKEF,SEKEF,Technology
SENS,SENS,Healthcare
SEOFF,SEOFF,General
SEOTF,SEOTF,Industrials
SEPLF,SEPLF,Energy
SEPN,SEPN,Healthcare
SES,SES,General
SESPF,SESPF,Technology
SETUF,SETUF,Materials
SFBQF,SFBQF,Communication Services
SFBS,SFBS,Financials
SFFYF,SFFYF,Industrials
SFHLF,SFHLF,General
SFL,SFL,Industrials
SFNXF,SFNXF,Financials
SFOSF,SFOSF,Healthcare
SFRRF,SFRRF,Materials
SFSLF,SFSLF,General
SFST,SFST,Financials
SFSVF,SFSVF,Healthcare
SGCFF,SGCFF,Financials
SGETF,SGETF,General
SGGEF,SGGEF,Technology
SGHHF,SGHHF,Industrials
SGHIF,SGHIF,Industrials
SGIOF,SGIOF,Healthcare
SGIPF,SGIPF,Healthcare
SGKBF,SGKBF,General
SGLFF,SGLFF,Materials
SGLJF,SGLJF,General
SGLLF,SGLLF,General
SGLOF,SGLOF,General
SGML,SGML,Materials
SGPPF,SGPPF,General
SGRY,SGRY,Healthcare
SGSOF,SGSOF,Industrials
SGU,SGU,Energy
SHAK,SHAK,General
SHAOF,SHAOF,General
SHCAF,SHCAF,Technology
SHECF,SHECF,Materials
SHEKF,SHEKF,General
SHICF,SHICF,General
SHKBF,SHKBF,Industrials
SHKLF,SHKLF,Industrials
SHLAF,SHLAF,Industrials
SHMWF,SHMWF,Industrials
SHNWF,SHNWF,Financials
SHOFF,SHOFF,General
SHPMF,SHPMF,Healthcare
SHRXF,SHRXF,General
SHW,Sherwin-Williams,Materials
SI,SI,General
SICOF,SICOF,General
SIG,Signet Jewelers,Consumer Discretionary
SIGI,SIGI,Financials
SILXF,SILXF,Technology
SIMA,SIMA,Financials
SINGF,SINGF,Industrials
SION,SION,Healthcare
SISXF,SISXF,Industrials
SIXN,SIXN,Materials
SJM,JM Smucker Co,Consumer Staples
SKE,SKE,Materials
SKFOF,SKFOF,Materials
SKHSF,SKHSF,General
SKLMF,SKLMF,General
SKLTF,SKLTF,Communication Services
SKLYF,SKLYF,General
SKSDF,SKSDF,General
SKSUF,SKSUF,Industrials
SKURF,SKURF,Technology
SKWD,SKWD,Financials
SKXJF,SKXJF,General
SKYH,SKYH,Real Estate
SKYW,SKYW,Industrials
SLB,SLB,Energy
SLCRF,SLCRF,General
SLDP,SLDP,General
SLF,SLF,Financials
SLM,SLM,Financials
SLMAF,SLMAF,Financials
SLNCF,SLNCF,Healthcare
SLNLF,SLNLF,General
SLNO,SLNO,Healthcare
SLOIF,SLOIF,Technology
SLRC,SLRC,Financials
SLS,SLS,Healthcare
SLTEF,SLTEF,General
SLUNF,SLUNF,Technology
SLVM,SLVM,Materials
SLYIU,SLYIU,General
SM,SM Energy,Energy
SMBC,SMBC,Financials
SMC,SMC,Energy
SMCI,Super Micro Computer,Technology
SMDRF,SMDRF,Materials
SMEGF,SMEGF,Industrials
SMFNF,SMFNF,Financials
SMG,SMG,Materials
SMGKF,SMGKF,Industrials
SMHGF,SMHGF,Healthcare
SMOPF,SMOPF,General
SMP,SMP,General
SMRT,SMRT,Technology
SMSKF,SMSKF,Energy
SMSOF,SMSOF,General
SMTC,SMTC,Technology
SMTEF,SMTEF,Technology
SMTGF,SMTGF,Technology
SMTOF,SMTOF,General
SMTUF,SMTUF,General
SMUPF,SMUPF,Materials
SNA,Snap-on Inc,Industrials
SNAAF,SNAAF,General
SNAP,Snap Inc,Communication Services
SNBIF,SNBIF,Healthcare
SNDL,SNDL,General
SNDR,SNDR,Industrials
SNKCF,SNKCF,Industrials
SNKUF,SNKUF,General
SNLC,SNLC,Financials
SNMRF,SNMRF,Utilities
SNMSF,SNMSF,General
SNMYF,SNMYF,Financials
SNOW,Snowflake Inc,Technology
SNPS,Synopsys Inc,Technology
SNPTF,SNPTF,Technology
SNROF,SNROF,General
SNSNF,SNSNF,Technology
SO,Southern Co,Utilities
SOBO,SOBO,Energy
SOC,SOC,Energy
SOFWF,SOFWF,Healthcare
SOHGF,SOHGF,Industrials
SOMLF,SOMLF,Industrials
SON,SON,General
SONO,SONO,Technology
SORN,SORN,General
SOUL,SOUL,Financials
SOUN,SOUN,Technology
SPFI,SPFI,Financials
SPG,Simon Property Group,Real Estate
SPGDF,SPGDF,General
SPGGF,SPGGF,Materials
SPGI,S&P Global Inc,Financials
SPHIF,SPHIF,General
SPIR,SPIR,Industrials
SPNT,SPNT,Financials
SPNUF,SPNUF,Technology
SPNZF,SPNZF,General
SPOT,SPOT,Communication Services
SPRY,SPRY,Healthcare
SPSC,SPS Commerce,Technology
SPT,SPT,Technology
SPXCF,SPXCF,Financials
SPXSF,SPXSF,Industrials
SPXXF,SPXXF,Financials
SQNXF,SQNXF,Communication Services
SRAD,SRAD,Technology
SRBEF,SRBEF,Technology
SRBZF,SRBZF,General
SRCL,Stericycle Inc,Industrials
SRE,Sempra Energy,Utilities
SREDF,SREDF,Financials
SRHGF,SRHGF,General
SRMGF,SRMGF,Financials
SRNIS,SRNIS,General
SROCF,SROCF,General
SRPT,SRPT,Healthcare
SRRK,SRRK,Healthcare
SRTMF,SRTMF,Technology
SRTSF,SRTSF,General
SRXXF,SRXXF,Financials
SSB,SSB,Financials
SSDOF,SSDOF,General
SSII,SSII,Healthcare
SSLVF,SSLVF,General
SSMXF,SSMXF,Healthcare
SSNC,SSNC,Technology
SSP,SSP,Communication Services
SSSS,SSSS,Financials
SSUMF,SSUMF,Industrials
STAEF,STAEF,General
STAG,STAG Industrial,Real Estate
STC,STC,Financials
STE,Steris PLC,Healthcare
STGAF,STGAF,Energy
STHRF,STHRF,Energy
STLD,Steel Dynamics,Materials
STMEF,STMEF,Technology
STN,STN,Industrials
STNE,STNE,Technology
STOHF,STOHF,Energy
STRS,STRS,Real Estate
STRYF,STRYF,Communication Services
STT,State Street Corp,Financials
STUB,STUB,Communication Services
STX,Seagate Technology,Technology
STXXF,STXXF,General
STZ,Constellation Brands,Consumer Staples
SUCEF,SUCEF,Materials
SUEZF,SUEZF,General
SUI,Sun Communities,Real Estate
SULZF,SULZF,Industrials
SUMCF,SUMCF,Technology
SUN,Sunoco LP,Energy
SUNB,SUNB,Industrials
SUNC,SUNC,Energy
SURDF,SURDF,Real Estate
SVA,SVA,General
SVAC,SVAC,Financials
SVAQ,SVAQ,General
SVAUF,SVAUF,Real Estate
SVCBF,SVCBF,Materials
SVCC,SVCC,Financials
SVCTF,SVCTF,Financials
SVIV,SVIV,Financials
SVNLF,SVNLF,Financials
SVTMF,SVTMF,General
SVTRF,SVTRF,Utilities
SVV,SVV,General
SW,SW,General
SWBI,SWBI,Industrials
SWGHF,SWGHF,Healthcare
SWIM,SWIM,Industrials
SWK,Stanley Black & Decker,Industrials
SWKS,Skyworks Solutions,Technology
SWONF,SWONF,Technology
SWPRF,SWPRF,Real Estate
SWRAF,SWRAF,Industrials
SWSDF,SWSDF,Financials
SWX,SWX,Utilities
SWZCF,SWZCF,Communication Services
SXI,SXI,Industrials
SXT,SXT,Materials
SYBJF,SYBJF,Financials
SYF,SYF,Financials
SYIEF,SYIEF,Materials
SYK,Stryker Corp,Healthcare
SYKKF,SYKKF,General
SYKWF,SYKWF,Communication Services
SYM,SYM,Industrials
SYNA,SYNA,Technology
SYRE,SYRE,Healthcare
SYRVF,SYRVF,Industrials
SYY,Sysco Corp,Consumer Staples
SZHFF,SZHFF,Industrials
SZKMF,SZKMF,General
T,AT&T Inc,Communication Services
TAC,TAC,Utilities
TACH,TACH,Financials
TACO,TACO,Financials
TAHCF,TAHCF,Industrials
TAKMF,TAKMF,Industrials
TALK,TALK,Healthcare
TAP,Molson Coors Beverage,Consumer Staples
TASK,TASK,Technology
TBBK,TBBK,Financials
TBCCF,TBCCF,Financials
TBCRF,TBCRF,Financials
TBRG,TBRG,Healthcare
TBURF,TBURF,Industrials
TCAPF,TCAPF,Financials
TCBK,TCBK,Financials
TCCHF,TCCHF,General
TCHBF,TCHBF,Healthcare
TCI,TCI,Real Estate
TCKRF,TCKRF,Materials
TCLAF,TCLAF,General
TCMD,TCMD,Healthcare
TCMEF,TCMEF,Communication Services
TCTZF,TCTZF,Communication Services
TDAAF,TDAAF,Communication Services
TDAC,TDAC,Financials
TDAY,TDAY,Communication Services
TDBOF,TDBOF,General
TDC,TDC,Technology
TDCSF,TDCSF,Technology
TDG,TDG,Industrials
TDHOF,TDHOF,Financials
TDS,TDS,Communication Services
TDW,TDW,Energy
TDY,Teledyne Technologies,Technology
TE,TE,Industrials
TECH,TECH,Healthcare
TECX,TECX,Healthcare
TELDF,TELDF,Communication Services
TELNF,TELNF,Communication Services
TEM,TEM,Healthcare
TEMPF,TEMPF,Industrials
TENX,TENX,Healthcare
TERN,TERN,Healthcare
TEX,TEX,Industrials
TFC,Truist Financial,Financials
TFPM,TFPM,Materials
TFX,TFX,Healthcare
TGB,TGB,Materials
TGLS,TGLS,Materials
TGSNF,TGSNF,Energy
TGT,Target Corp,Consumer Discretionary
TGTX,TGTX,Healthcare
TH,TH,Industrials
THC,Tenet Healthcare,Healthcare
THFF,THFF,Financials
THFWF,THFWF,Industrials
THG,THG,Financials
THLEF,THLEF,Industrials
THLPF,THLPF,General
THQQF,THQQF,Communication Services
THSGF,THSGF,Materials
THVB,THVB,Financials
THYCF,THYCF,Materials
THYKF,THYKF,Industrials
TIC,TIC,Industrials
TIGO,TIGO,Communication Services
TINLF,TINLF,Industrials
TIPT,TIPT,Financials
TISCF,TISCF,Industrials
TITN,TITN,Industrials
TKCOF,TKCOF,Communication Services
TKGSF,TKGSF,Utilities
TKHCF,TKHCF,Communication Services
TKHIF,TKHIF,General
TKMAF,TKMAF,Communication Services
TKMEF,TKMEF,General
TKMSF,TKMSF,General
TKO,TKO,Communication Services
TKRKF,TKRKF,General
TKSHF,TKSHF,General
TKSNF,TKSNF,Industrials
TKUMF,TKUMF,Industrials
TLN,TLN,Utilities
TLRY,TLRY,Healthcare
TLS,TLS,Technology
TLSI,TLSI,Healthcare
TLTZF,TLTZF,Communication Services
TMAHF,TMAHF,General
TMC,TMC,Materials
TMDX,TransMedics Group,Healthcare
TMHC,TMHC,General
TMIUF,TMIUF,Technology
TMO,Thermo Fisher Scientific,Healthcare
TMOAF,TMOAF,Technology
TMRAF,TMRAF,Industrials
TMUS,T-Mobile US,Communication Services
TNC,TNC,Industrials
TNET,TNET,Industrials
TNGX,TNGX,Healthcare
TNISF,TNISF,Industrials
TNK,TNK,Energy
TNTFF,TNTFF,Industrials
TOAGF,TOAGF,Materials
TOETF,TOETF,Real Estate
TOITF,TOITF,Technology
TOKSF,TOKSF,Materials
TOKUF,TOKUF,General
TOL,Toll Brothers,Consumer Discretionary
TONPF,TONPF,Industrials
TORIF,TORIF,General
TORLF,TORLF,General
TORXF,TORXF,Materials
TOSKF,TOSKF,General
TOST,Toast Inc,Technology
TOTTF,TOTTF,General
TOWN,TOWN,Financials
TPB,TPB,General
TPG,TPG,Financials
TPL,TPL,Energy
TPLKF,TPLKF,Industrials
TPLWF,TPLWF,General
TPR,Tapestry Inc,Consumer Discretionary
TPZEF,TPZEF,Energy
TRATF,TRATF,Industrials
TRCLF,TRCLF,Technology
TREE,TREE,Financials
TREX,TREX,Industrials
TRGP,Targa Resources,Energy
TRGYS,TRGYS,General
TRI,TRI,Industrials
TRIN,TRIN,Financials
TRMB,Trimble Inc,Industrials
TRMD,TRMD,Energy
TRMK,TRMK,Financials
TRMLF,TRMLF,Energy
TRNO,Terreno Realty,Real Estate
TROLB,TROLB,General
TRON,TRON,General
TROW,T. Rowe Price Group,Financials
TROX,Tronox Holdings,Materials
TRRVF,TRRVF,Energy
TRSBF,TRSBF,Healthcare
TRSNF,TRSNF,Utilities
TRST,TRST,Financials
TRUBF,TRUBF,General
TRV,Travelers Companies,Financials
TRVI,TRVI,Healthcare
TSAT,TSAT,Technology
TSBK,TSBK,Financials
TSEM,TSEM,Technology
TSHA,TSHA,Healthcare
TSHMF,TSHMF,Industrials
TSIHF,TSIHF,General
TSLA,Tesla Inc,Consumer Discretionary
TSLX,TSLX,Financials
TSMRF,TSMRF,Healthcare
TSMWF,TSMWF,Technology
TSN,Tyson Foods,Consumer Staples
TSNLF,TSNLF,Healthcare
TSRYF,TSRYF,General
TSYHF,TSYHF,Technology
TT,Trane Technologies,Industrials
TTAN,TTAN,Technology
TTC,Toro Co,Industrials
TTCIF,TTCIF,Materials
TTD,Trade Desk,Communication Services
TTGPF,TTGPF,Technology
TTI,TTI,Industrials
TTMI,TTMI,Technology
TTNDF,TTNDF,Industrials
TTRAF,TTRAF,Communication Services
TTUUF,TTUUF,Real Estate
TTWO,TTWO,Communication Services
TUALF,TUALF,Communication Services
TVAI,TVAI,Financials
TVAVF,TVAVF,Financials
TVNB,TVNB,Financials
TVTX,TVTX,Healthcare
TW,Tradeweb Markets,Financials
TWFG,TWFG,Financials
TWIN,TWIN,Industrials
TWLO,Twilio Inc,Technology
TWLV,TWLV,Financials
TWODF,TWODF,General
TWST,TWST,Healthcare
TXN,Texas Instruments,Technology
TXRH,Texas Roadhouse,Consumer Discretionary
TXT,TXT,Industrials
TYGO,TYGO,Technology
TYIDF,TYIDF,Industrials
TYL,Tyler Technologies,Technology
TYOTF,TYOTF,Industrials
U,U,Technology
UA,UA,General
UAL,United Airlines Holdings,Industrials
UBEOF,UBEOF,Materials
UBER,Uber Technologies,Consumer Discretionary
UBS,UBS,Financials
UBSI,UBSI,Financials
UBTRF,UBTRF,General
UCBJF,UCBJF,Healthcare
UCFI,UCFI,Financials
UCTT,UCTT,Technology
UDIRF,UDIRF,Communication Services
UDR,UDR Inc,Real Estate
UFCS,UFCS,Financials
UFHGF,UFHGF,General
UFPI,UFPI,Materials
UFPT,UFPT,Healthcare
UHAL,UHAL,Industrials
UHGI,UHGI,Financials
UHOIF,UHOIF,Industrials
UHS,Universal Health Services,Healthcare
ULCC,ULCC,Industrials
ULS,ULS,Industrials
UMGNF,UMGNF,Communication Services
UNF,UNF,Industrials
UNFI,UNFI,General
UNH,UnitedHealth Group,Healthcare
UNIT,UNIT,Real Estate
UNJCF,UNJCF,Financials
UNP,Union Pacific,Industrials
UNPA,UNPA,Financials
UNTC,UNTC,Energy
UNTY,UNTY,Financials
UOVEF,UOVEF,Financials
UPB,UPB,Healthcare
UPBMF,UPBMF,General
UPS,United Parcel Service,Industrials
URBN,Urban Outfitters,Consumer Discretionary
URNAF,URNAF,Financials
UROY,UROY,Energy
USB,US Bancorp,Financials
USFD,USFD,General
USNNF,USNNF,Industrials
UTHR,UTHR,Healthcare
UTKN,UTKN,Industrials
UUGWF,UUGWF,Utilities
UUUU,UUUU,Energy
UVRBF,UVRBF,General
UVSP,UVSP,Financials
V,Visa Inc,Financials
VABK,VABK,Financials
VACH,VACH,Financials
VACI,VACI,Financials
VAL,VAL,Energy
VALIF,VALIF,Financials
VBNK,VBNK,Financials
VBVBF,VBVBF,Materials
VC,VC,General
VCIC,VCIC,Financials
VCISF,VCISF,Industrials
VCTR,VCTR,Financials
VCYT,VCYT,Healthcare
VDEKF,VDEKF,Industrials
VDRFF,VDRFF,General
VECO,VECO,Technology
VEEV,Veeva Systems,Technology
VEL,VEL,Financials
VELO,VELO,Technology
VERX,VERX,Technology
VETTF,VETTF,Utilities
VFC,VF Corp,Consumer Discretionary
VFS,VFS,General
VGZ,VGZ,Materials
VHCP,VHCP,General
VIA,VIA,Technology
VICI,VICI Properties,Real Estate
VICR,VICR,Technology
VIK,VIK,General
VIMGF,VIMGF,Healthcare
VIRT,Virtu Financial,Financials
VITBF,VITBF,General
VIVKD,VIVKD,General
VKGLF,VKGLF,General
VKSKF,VKSKF,Healthcare
VLEEF,VLEEF,General
VLERF,VLERF,Energy
VLKAF,VLKAF,General
VLNSF,VLNSF,Industrials
VLO,Valero Energy,Energy
VLTAF,VLTAF,Utilities
VLVOF,VLVOF,General
VMC,Vulcan Materials,Materials
VMD,VMD,Healthcare
VNDA,VNDA,Healthcare
VNME,VNME,Financials
VNO,Vornado Realty Trust,Real Estate
VNRGF,VNRGF,Financials
VNT,VNT,Technology
VNTEF,VNTEF,Real Estate
VODAF,VODAF,Communication Services
VODPF,VODPF,Communication Services
VOPKF,VOPKF,Energy
VOSSF,VOSSF,Industrials
VOXR,VOXR,Materials
VRBCF,VRBCF,Healthcare
VRDN,VRDN,Healthcare
VRLAF,VRLAF,General
VRNO,VRNO,Healthcare
VRNT,Verint Systems,Industrials
VRSHF,VRSHF,Materials
VRSK,Verisk Analytics,Technology
VRTS,VRTS,Financials
VRTX,Vertex Pharmaceuticals,Healthcare
VSAT,VSAT,Technology
VSCFF,VSCFF,General
VSEC,VSEC,Industrials
VSH,VSH,Technology
VSOGF,VSOGF,Energy
VST,Vistra Corp,Utilities
VSTM,VSTM,Healthcare
VTBAS,VTBAS,General
VTEX,VTEX,Technology
VTEXF,VTEXF,Materials
VTOL,VTOL,Energy
VTR,Ventas Inc,Real Estate
VTRS,VTRS,Healthcare
VTTGF,VTTGF,Industrials
VTWRF,VTWRF,Real Estate
VTXPF,VTXPF,Materials
VUZI,VUZI,Technology
VWSYF,VWSYF,Industrials
VYX,VYX,Technology
VZ,Verizon Communications,Communication Services
W,W,General
WAB,WAB,Industrials
WACMF,WACMF,Technology
WAL,WAL,Financials
WAT,WAT,Healthcare
WAY,WAY,Healthcare
WBD,Warner Bros Discovery,Communication Services
WBS,Webster Financial,Financials
WBTNF,WBTNF,Technology
WCC,WESCO International,Industrials
WCHS,WCHS,General
WCN,WCN,Industrials
WD,WD,Financials
WDAY,Workday Inc,Technology
WDC,Western Digital,Technology
WEC,WEC Energy Group,Utilities
WEDXF,WEDXF,Financials
WELL,Welltower Inc,Real Estate
WEST,WEST,General
WEX,WEX,Technology
WFC,Wells Fargo,Financials
WFG,WFG,Materials
WFICF,WFICF,General
WFRD,WFRD,Energy
WGS,WGS,Healthcare
WH,Wyndham Hotels & Resorts,Consumer Discretionary
WHITF,WHITF,Energy
WHTPF,WHTPF,General
WINA,WINA,General
WJRYF,WJRYF,Industrials
WK,WK,Technology
WKCMF,WKCMF,Materials
WLDN,WLDN,Industrials
WLK,Westlake Corp,Materials
WLY,WLY,Communication Services
WLYB,WLYB,Communication Services
WM,Waste Management,Industrials
WMB,Williams Companies,Energy
WMS,WMS,Industrials
WMT,Walmart Inc,Consumer Staples
WNDLF,WNDLF,Financials
WNEB,WNEB,Financials
WNWSF,WNWSF,Communication Services
WOLWF,WOLWF,General
WOPEF,WOPEF,Energy
WOSGF,WOSGF,General
WPLCF,WPLCF,Technology
WPNTF,WPNTF,General
WPT,WPT Industrial REIT,Real Estate
WRB,W.R. Berkley Corp,Financials
WRFRF,WRFRF,Real Estate
WRTBF,WRTBF,Industrials
WSFS,WSFS,Financials
WSM,WSM,General
WSPCF,WSPCF,Industrials
WSPOF,WSPOF,Industrials
WTBFB,WTBFB,Financials
WTCHF,WTCHF,Technology
WTFC,Wintrust Financial,Financials
WTRG,WTRG,Utilities
WTTR,WTTR,Energy
WTW,WTW,Financials
WU,WU,Financials
WYFI,WYFI,Technology
WYNN,Wynn Resorts,Consumer Discretionary
XDNCF,XDNCF,Communication Services
XEL,Xcel Energy,Utilities
XENE,XENE,Healthcare
XFOR,XFOR,Healthcare
XIACF,XIACF,Technology
XLO,XLO,Healthcare
XNCR,XNCR,Healthcare
XOM,Exxon Mobil,Energy
XOMA,XOMA,Healthcare
XPER,XPER,Technology
XPNGF,XPNGF,General
XPO,XPO Inc,Industrials
XPPLF,XPPLF,Industrials
XRAY,XRAY,Healthcare
XSIMS,XSIMS,General
XVIPF,XVIPF,Healthcare
XXI,XXI,Financials
XYL,Xylem Inc,Industrials
XZJCF,XZJCF,Industrials
XZO,XZO,Financials
YAHOF,YAHOF,General
YASKF,YASKF,Industrials
YCSBF,YCSBF,General
YDDL,YDDL,Industrials
YDWAF,YDWAF,Materials
YELP,YELP,Communication Services
YETI,YETI,General
YFGSF,YFGSF,Financials
YGWAF,YGWAF,Industrials
YHEKF,YHEKF,Technology
YITJF,YITJF,Industrials
YKLTF,YKLTF,General
YNNHF,YNNHF,General
YOKEF,YOKEF,Industrials
YORW,YORW,Utilities
YOU,YOU,Technology
YRAIF,YRAIF,Materials
YSHLF,YSHLF,Industrials
YUGVF,YUGVF,Industrials
YUM,Yum Brands,Consumer Discretionary
YUMC,YUMC,General
YZCHF,YZCHF,Energy
YZOFF,YZOFF,Technology
ZBH,ZBH,Healthcare
ZBRA,Zebra Technologies,Technology
ZEGLF,ZEGLF,General
ZETA,ZETA,Technology
ZFSVF,ZFSVF,Financials
ZG,Zillow Group,Communication Services
ZHAOF,ZHAOF,Materials
ZIJMF,ZIJMF,Materials
ZKP,ZKP,General
ZLDPF,ZLDPF,Healthcare
ZLDSF,ZLDSF,General
ZM,ZM,Technology
ZMPLF,ZMPLF,Materials
ZOJIF,ZOJIF,General
ZPTAF,ZPTAF,Energy
ZRCN,ZRCN,General
ZS,Zscaler Inc,Technology
ZTCOF,ZTCOF,Technology
ZTS,Zoetis Inc,Healthcare
ZVRA,ZVRA,Healthcare
ZYME,ZYME,Healthcare
ZZHGF,ZZHGF,Financials
